"Profile.Name","Start.Time","Duration","Attributes","Title","Supplemental.Video.Type","Device.Type","Bookmark","Latest.Bookmark","Country"
"John.Doe","2020-07-04 22:59:52","00:21:26","","Community: Seizoen 1: Community (Aflevering 1)","","Google Chromecast streaming stick","00:21:26","00:21:26","NL (Netherlands)"
"John.Doe","2020-07-04 20:17:10","02:14:27","","Unbroken","","Google Chromecast streaming stick","02:14:27","02:14:27","NL (Netherlands)"
"John.Doe","2020-07-04 20:02:40","00:01:02","Autoplayed: user action: None; ","Trailer: Unsolved Mysteries","TRAILER","iPhone SE","00:01:02","00:01:02","NL (Netherlands)"
"John.Doe","2020-07-02 23:23:03","00:01:34","","Floor Is Lava: Seizoen 1: The Basement: Level 1 (Aflevering 1)","","Google Chromecast streaming stick","00:01:34","00:01:34","NL (Netherlands)"
"John.Doe","2020-07-02 22:26:46","00:51:54","","Dark: Seizoen 2: Begin en einde (Aflevering 1)","","Google Chromecast streaming stick","00:50:43","Not latest view","NL (Netherlands)"
"John.Doe","2020-07-02 22:22:36","00:03:31","","Dark: Seizoen 1 (Overzicht)","RECAP","Google Chromecast streaming stick","00:03:31","00:03:31","NL (Netherlands)"
"John.Doe","2020-07-01 23:23:23","00:20:25","","The Sinner: Jamie: Deel VIII (Aflevering 8)","","Google Chromecast streaming stick","00:50:43","00:50:43","NL (Netherlands)"
"John.Doe","2020-07-01 22:51:17","00:30:20","","The Sinner: Jamie: Deel VIII (Aflevering 8)","","Google Chromecast streaming stick","00:30:28","Not latest view","NL (Netherlands)"
"John.Doe","2020-07-01 22:02:52","00:45:25","","The Sinner: Jamie: Deel VII (Aflevering 7)","","Google Chromecast streaming stick","00:45:25","00:45:25","NL (Netherlands)"
"John.Doe","2020-07-01 00:43:53","00:01:25","","Sleepy Hollow","","Google Chromecast streaming stick","00:54:02","00:54:02","NL (Netherlands)"
"John.Doe","2020-07-01 00:43:12","00:00:13","Autoplayed: user action: None; ","Trailer: Unsolved Mysteries","TRAILER","iPhone SE","00:00:13","Not latest view","NL (Netherlands)"
"John.Doe","2020-07-01 00:42:50","00:00:04","Autoplayed: user action: None; ","Seizoen 1 (Trailer): Warrior Nun","TRAILER","iPhone SE","00:00:05","00:00:05","NL (Netherlands)"
"John.Doe","2020-07-01 00:42:37","00:00:05","Autoplayed: user action: None; ","Trailer: Unsolved Mysteries","TRAILER","iPhone SE","00:00:05","Not latest view","NL (Netherlands)"
"John.Doe","2020-07-01 00:01:21","00:41:20","","The 100: Seizoen 7: Nakara (Aflevering 6)","","Google Chromecast streaming stick","00:41:20","00:41:20","NL (Netherlands)"
"John.Doe","2020-06-30 23:59:12","00:00:06","","The 100: Seizoen 7: Nakara (Aflevering 6)","","iPhone SE","00:00:17","Not latest view","NL (Netherlands)"
"John.Doe","2020-06-30 23:58:35","00:00:30","Autoplayed: user action: None; ","Trailer: Unsolved Mysteries","TRAILER","iPhone SE","00:00:30","Not latest view","NL (Netherlands)"
"John.Doe","2020-06-29 22:56:18","00:13:43","","Home Game: Seizoen 1: Calcio Storico (Aflevering 1)","","Google Chromecast streaming stick","00:13:43","Not latest view","NL (Netherlands)"
"John.Doe","2020-06-29 21:58:53","00:46:19","","The Sinner: Jamie: Deel VI (Aflevering 6)","","Google Chromecast streaming stick","00:46:19","00:46:19","NL (Netherlands)"
"John.Doe","2020-06-28 21:53:12","00:44:53","","The Sinner: Jamie: Deel V (Aflevering 5)","","Google Chromecast streaming stick","00:45:19","00:45:19","NL (Netherlands)"
"John.Doe","2020-06-28 21:02:30","00:44:04","","The Sinner: Jamie: Deel IV (Aflevering 4)","","Google Chromecast streaming stick","00:44:04","00:44:04","NL (Netherlands)"
"John.Doe","2020-06-28 18:08:46","00:02:00","","Rick and Morty: Seizoen 3: The Ricklantis Mixup (Aflevering 7)","","Google Chromecast streaming stick","00:02:06","00:02:06","NL (Netherlands)"
"John.Doe","2020-06-28 17:45:36","00:22:53","","Rick and Morty: Seizoen 3: Rest and Ricklaxation (Aflevering 6)","","Google Chromecast streaming stick","00:22:59","00:22:59","NL (Netherlands)"
"John.Doe","2020-06-28 17:22:40","00:22:39","","Rick and Morty: Seizoen 3: The Whirly Dirly Conspiracy (Aflevering 5)","","Google Chromecast streaming stick","00:22:45","00:22:45","NL (Netherlands)"
"John.Doe","2020-06-28 16:59:00","00:23:23","","Rick and Morty: Seizoen 3: Vindicators 3:  The Return of Worldender (Aflevering 4)","","Google Chromecast streaming stick","00:23:23","00:23:23","NL (Netherlands)"
"John.Doe","2020-06-27 22:46:49","00:43:27","","The Sinner: Jamie: Deel III (Aflevering 3)","","Google Chromecast streaming stick","00:44:09","00:44:09","NL (Netherlands)"
"John.Doe","2020-06-27 22:35:36","00:01:24","","The Sinner: Jamie: Deel III (Aflevering 3)","","Google Chromecast streaming stick","00:00:51","Not latest view","NL (Netherlands)"
"John.Doe","2020-06-27 21:51:42","00:41:42","","The 100: Seizoen 7: Welcome to Bardo (Aflevering 5)","","Google Chromecast streaming stick","00:41:46","Not latest view","NL (Netherlands)"
"John.Doe","2020-06-27 21:09:10","00:42:21","","The 100: Seizoen 7: Hesperides (Aflevering 4)","","Google Chromecast streaming stick","00:42:21","00:42:21","NL (Netherlands)"
"John.Doe","2020-06-27 20:34:02","00:34:32","","Legends of the Fall","","Google Chromecast streaming stick","01:53:03","01:53:03","NL (Netherlands)"
"John.Doe","2020-06-27 20:27:03","00:02:06","","Seizoen 3 (Trailer): Dark","TRAILER","iPhone SE","00:02:06","00:02:06","NL (Netherlands)"
"John.Doe","2020-06-27 20:23:15","00:03:31","","Dark: Seizoen 1 (Overzicht)","RECAP","iPhone SE","00:03:31","Not latest view","NL (Netherlands)"
"John.Doe","2020-06-24 22:45:40","00:50:46","","The Sinner: Jamie: Deel II (Aflevering 2)","","Google Chromecast streaming stick","00:45:45","00:45:45","NL (Netherlands)"
"John.Doe","2020-06-23 23:35:30","00:00:09","Autoplayed: user action: None; ","Seizoen 3 (Trailer): Dark","TRAILER","iPhone SE","00:00:10","Not latest view","NL (Netherlands)"
"John.Doe","2020-06-23 22:46:08","00:49:13","","The Sinner: Jamie: Deel I (Aflevering 1)","","Google Chromecast streaming stick","00:49:13","00:49:13","NL (Netherlands)"
"John.Doe","2020-06-23 21:44:07","00:01:06","Autoplayed: user action: None; ","Seizoen 3 (Trailer): Dark","TRAILER","iPhone SE","00:01:06","Not latest view","NL (Netherlands)"
"John.Doe","2020-06-22 23:22:17","00:20:16","","Vikings: Seizoen 2: Brother's War (Aflevering 1)","","Google Chromecast streaming stick","00:20:46","00:20:46","NL (Netherlands)"
"John.Doe","2020-06-22 21:48:41","00:47:01","","The Sinner: Julian: Deel VIII (Aflevering 8)","","Google Chromecast streaming stick","00:47:01","00:47:01","NL (Netherlands)"
"John.Doe","2020-06-21 23:08:46","00:41:24","","The Sinner: Julian: Deel VII (Aflevering 7)","","Google Chromecast streaming stick","00:42:48","00:42:48","NL (Netherlands)"
"John.Doe","2020-06-21 22:24:17","00:44:19","","The Sinner: Julian: Deel VI (Aflevering 6)","","Google Chromecast streaming stick","00:44:19","00:44:19","NL (Netherlands)"
"John.Doe","2020-06-19 22:23:25","00:44:41","","The Sinner: Julian: Deel V (Aflevering 5)","","Google Chromecast streaming stick","00:43:56","00:43:56","NL (Netherlands)"
"John.Doe","2020-06-19 21:42:04","00:41:09","","The Sinner: Julian: Deel IV (Aflevering 4)","","Google Chromecast streaming stick","00:42:51","00:42:51","NL (Netherlands)"
"John.Doe","2020-06-19 20:56:09","00:42:26","","The Sinner: Julian: Deel III (Aflevering 3)","","Google Chromecast streaming stick","00:42:26","00:42:26","NL (Netherlands)"
"John.Doe","2020-06-18 21:47:47","00:43:07","","The Sinner: Julian: Deel II (Aflevering 2)","","Google Chromecast streaming stick","00:42:41","00:42:41","NL (Netherlands)"
"John.Doe","2020-06-18 21:01:23","00:46:14","","The Sinner: Julian: Deel I (Aflevering 1)","","Google Chromecast streaming stick","00:46:14","00:46:14","NL (Netherlands)"
"John.Doe","2020-06-18 21:00:31","00:00:05","Autoplayed: user action: None; ","The Sinner: Jamie (Trailer)","TRAILER","iPhone SE","00:00:05","00:00:05","NL (Netherlands)"
"John.Doe","2020-06-18 20:35:30","00:00:47","","The Sinner: Cora (Trailer)","TRAILER","iPhone SE","00:00:47","00:00:47","NL (Netherlands)"
"John.Doe","2020-06-18 20:34:26","00:00:36","","The Sinner: Jamie (Trailer)","TRAILER","iPhone SE","00:00:37","Not latest view","NL (Netherlands)"
"John.Doe","2020-06-18 20:30:55","00:00:05","Autoplayed: user action: None; ","Disclosure (Clip)","TRAILER","iPhone SE","00:00:05","00:00:05","NL (Netherlands)"
"John.Doe","2020-06-18 20:30:24","00:00:12","Autoplayed: user action: None; ","Seizoen 1 (Trailer): Home Game","TRAILER","iPhone SE","00:00:12","00:00:12","NL (Netherlands)"
"John.Doe","2020-06-18 20:29:52","00:00:07","Autoplayed: user action: None; ","The Sinner: Jamie (Trailer)","TRAILER","iPhone SE","00:00:07","Not latest view","NL (Netherlands)"
"John.Doe","2020-06-16 20:29:14","00:43:32","","Vikings: Seizoen 1: All Change (Aflevering 9)","","Google Chromecast streaming stick","00:44:22","00:44:22","NL (Netherlands)"
"John.Doe","2020-06-16 19:43:44","00:45:20","","Vikings: Seizoen 1: Sacrifice (Aflevering 8)","","Google Chromecast streaming stick","00:46:16","00:46:16","NL (Netherlands)"
"John.Doe","2020-06-16 18:48:45","00:52:39","","Sleepy Hollow","","Google Chromecast streaming stick","00:52:39","Not latest view","NL (Netherlands)"
"John.Doe","2020-06-16 18:48:17","00:00:04","","Sleepy Hollow","","iPhone SE","00:00:04","Not latest view","NL (Netherlands)"
"John.Doe","2020-06-15 22:28:25","00:00:08","","Vikings: Seizoen 1: Sacrifice (Aflevering 8)","","Google Chromecast streaming stick","00:00:58","Not latest view","NL (Netherlands)"
"John.Doe","2020-06-15 21:43:14","00:42:32","","Vikings: Seizoen 1: A King's Ransom (Aflevering 7)","","Google Chromecast streaming stick","00:43:22","00:43:22","NL (Netherlands)"
"John.Doe","2020-06-15 21:26:04","00:17:01","","Vikings: Seizoen 1: Burial of the Dead (Aflevering 6)","","Google Chromecast streaming stick","00:43:18","00:43:18","NL (Netherlands)"
"John.Doe","2020-06-14 22:40:05","00:25:29","","Vikings: Seizoen 1: Burial of the Dead (Aflevering 6)","","Google Chromecast streaming stick","00:26:19","Not latest view","NL (Netherlands)"
"John.Doe","2020-06-14 21:48:15","00:43:40","","Vikings: Seizoen 1: Raid (Aflevering 5)","","Google Chromecast streaming stick","00:43:40","00:43:40","NL (Netherlands)"
"John.Doe","2020-06-14 17:18:22","00:22:34","","Rick and Morty: Seizoen 3: The Whirly Dirly Conspiracy (Aflevering 5)","","Google Chromecast streaming stick","00:22:40","Not latest view","NL (Netherlands)"
"John.Doe","2020-06-14 16:54:48","00:23:17","","Rick and Morty: Seizoen 3: Vindicators 3:  The Return of Worldender (Aflevering 4)","","Google Chromecast streaming stick","00:23:23","Not latest view","NL (Netherlands)"
"John.Doe","2020-06-14 16:30:46","00:23:45","","Rick and Morty: Seizoen 3: Pickle Rick (Aflevering 3)","","Google Chromecast streaming stick","00:23:45","00:23:45","NL (Netherlands)"
"John.Doe","2020-06-11 21:35:39","00:43:49","","Vikings: Seizoen 1: Trial (Aflevering 4)","","Google Chromecast streaming stick","00:44:39","00:44:39","NL (Netherlands)"
"John.Doe","2020-06-11 20:50:21","00:43:54","","Vikings: Seizoen 1: Dispossessed (Aflevering 3)","","Google Chromecast streaming stick","00:44:44","00:44:44","NL (Netherlands)"
"John.Doe","2020-06-11 20:37:45","00:12:26","","Vikings: Seizoen 1: Wrath of the Northmen (Aflevering 2)","","Google Chromecast streaming stick","00:46:41","00:46:41","NL (Netherlands)"
"John.Doe","2020-06-10 21:38:37","00:33:25","","Vikings: Seizoen 1: Wrath of the Northmen (Aflevering 2)","","Google Chromecast streaming stick","00:34:15","Not latest view","NL (Netherlands)"
"John.Doe","2020-06-10 20:52:15","00:46:09","","Vikings: Seizoen 1: Rites of Passage (Aflevering 1)","","Google Chromecast streaming stick","00:46:09","00:46:09","NL (Netherlands)"
"John.Doe","2020-06-10 20:50:43","00:00:08","Autoplayed: user action: None; ","Trailer: Da 5 Bloods","TRAILER","iPhone SE","00:00:08","00:00:08","NL (Netherlands)"
"John.Doe","2020-06-10 20:49:32","00:02:19","","The 100: Seizoen 7: False Gods (Aflevering 3)","","Google Chromecast streaming stick","00:41:38","00:41:38","NL (Netherlands)"
"John.Doe","2020-06-09 22:09:46","00:00:07","Autoplayed: user action: None; ","Trailer: Da 5 Bloods","TRAILER","iPhone SE","00:00:07","Not latest view","NL (Netherlands)"
"John.Doe","2020-06-09 21:46:22","00:41:25","","The 100: Seizoen 7: False Gods (Aflevering 3)","","Google Chromecast streaming stick","00:41:29","Not latest view","NL (Netherlands)"
"John.Doe","2020-06-09 21:19:40","00:26:29","","The 100: Seizoen 7: The Garden (Aflevering 2)","","Google Chromecast streaming stick","00:41:52","00:41:52","NL (Netherlands)"
"John.Doe","2020-06-08 22:30:00","00:15:52","","The 100: Seizoen 7: The Garden (Aflevering 2)","","Google Chromecast streaming stick","00:15:23","Not latest view","NL (Netherlands)"
"John.Doe","2020-06-08 21:48:14","00:41:35","","The 100: Seizoen 7: From the Ashes (Aflevering 1)","","Google Chromecast streaming stick","00:41:39","00:41:39","NL (Netherlands)"
"John.Doe","2020-06-08 21:06:25","00:41:39","","The 100: Seizoen 6: The Blood of Sanctum (Aflevering 13)","","Google Chromecast streaming stick","00:41:39","00:41:39","NL (Netherlands)"
"John.Doe","2020-06-07 22:29:40","00:41:23","","The 100: Seizoen 6: Adjustment Protocol (Aflevering 12)","","Google Chromecast streaming stick","00:41:27","00:41:27","NL (Netherlands)"
"John.Doe","2020-06-07 21:47:41","00:41:48","","The 100: Seizoen 6: Ashes to Ashes (Aflevering 11)","","Google Chromecast streaming stick","00:41:48","00:41:48","NL (Netherlands)"
"John.Doe","2020-06-06 23:35:07","00:44:20","","13TH","","Google Chromecast streaming stick","00:44:20","00:44:20","NL (Netherlands)"
"John.Doe","2020-06-06 23:33:42","00:00:35","","13th_shortPreview_9x16","PREVIEW","iPhone SE","00:00:35","00:00:35","NL (Netherlands)"
"John.Doe","2020-06-06 22:35:36","00:41:26","","The 100: Seizoen 6: Matryoshka (Aflevering 10)","","Google Chromecast streaming stick","00:41:30","00:41:30","NL (Netherlands)"
"John.Doe","2020-06-06 21:49:52","00:41:09","","The 100: Seizoen 6: What You Take With You (Aflevering 9)","","Google Chromecast streaming stick","00:41:13","00:41:13","NL (Netherlands)"
"John.Doe","2020-06-06 21:08:33","00:41:07","","The 100: Seizoen 6: The Old Man and the Anomaly (Aflevering 8)","","Google Chromecast streaming stick","00:41:11","00:41:11","NL (Netherlands)"
"John.Doe","2020-06-06 20:25:46","00:41:46","","The 100: Seizoen 6: Nevermind (Aflevering 7)","","Google Chromecast streaming stick","00:41:46","00:41:46","NL (Netherlands)"
"John.Doe","2020-06-06 18:36:51","01:43:29","","Wind River","","Google Chromecast streaming stick","01:43:29","01:43:29","NL (Netherlands)"
"John.Doe","2020-06-06 18:27:23","00:00:04","Autoplayed: user action: None; ","Trailer: Da 5 Bloods","TRAILER","iPhone SE","00:00:04","Not latest view","NL (Netherlands)"
"John.Doe","2020-06-04 22:19:25","00:17:20","","The Last Dance: Seizoen 1: Episode V","","Google Chromecast streaming stick","00:17:24","00:17:24","NL (Netherlands)"
"John.Doe","2020-06-04 22:10:19","00:08:57","","The Last Dance: Seizoen 1: Episode IV","","Google Chromecast streaming stick","00:50:05","00:50:05","NL (Netherlands)"
"John.Doe","2020-06-04 21:26:36","00:41:31","","The 100: Seizoen 6: Memento Mori (Aflevering 6)","","Google Chromecast streaming stick","00:41:35","00:41:35","NL (Netherlands)"
"John.Doe","2020-06-04 20:46:15","00:40:09","","The 100: Seizoen 6: The Gospel of Josephine (Aflevering 5)","","Google Chromecast streaming stick","00:40:09","00:40:09","NL (Netherlands)"
"John.Doe","2020-06-03 21:19:32","00:41:17","","The 100: Seizoen 6: The Face Behind the Glass (Aflevering 4)","","Google Chromecast streaming stick","00:41:21","00:41:21","NL (Netherlands)"
"John.Doe","2020-06-03 20:37:34","00:41:49","","The 100: Seizoen 6: The Children of Gabriel (Aflevering 3)","","Google Chromecast streaming stick","00:41:49","00:41:49","NL (Netherlands)"
"John.Doe","2020-06-02 22:10:15","00:41:37","","The 100: Seizoen 6: Red Sun Rising (Aflevering 2)","","Google Chromecast streaming stick","00:41:41","00:41:41","NL (Netherlands)"
"John.Doe","2020-06-02 21:27:00","00:41:45","","The 100: Seizoen 6: Sanctum (Aflevering 1)","","Google Chromecast streaming stick","00:41:45","00:41:45","NL (Netherlands)"
"John.Doe","2020-06-01 23:09:34","01:01:11","","White Lines: Seizoen 1: Aflevering 10 (Aflevering 10)","","Google Chromecast streaming stick","01:01:11","01:01:11","NL (Netherlands)"
"John.Doe","2020-05-31 23:11:15","00:49:21","","White Lines: Seizoen 1: Aflevering 9 (Aflevering 9)","","Google Chromecast streaming stick","00:49:33","00:49:33","NL (Netherlands)"
"John.Doe","2020-05-31 22:17:47","00:53:05","","White Lines: Seizoen 1: Aflevering 8 (Aflevering 8)","","Google Chromecast streaming stick","00:51:57","00:51:57","NL (Netherlands)"
"John.Doe","2020-05-30 23:56:48","00:41:06","","The Last Dance: Seizoen 1: Episode IV","","Google Chromecast streaming stick","00:41:10","Not latest view","NL (Netherlands)"
"John.Doe","2020-05-30 23:34:59","00:21:39","","The Last Dance: Seizoen 1: Episode III","","Google Chromecast streaming stick","00:47:46","00:47:46","NL (Netherlands)"
"John.Doe","2020-05-30 21:17:50","02:00:46","","Elizabeth","","Google Chromecast streaming stick","02:00:11","02:00:11","NL (Netherlands)"
"John.Doe","2020-05-28 23:25:18","00:26:04","","The Last Dance: Seizoen 1: Episode III","","Google Chromecast streaming stick","00:26:08","Not latest view","NL (Netherlands)"
"John.Doe","2020-05-28 23:09:05","00:16:03","","The Last Dance: Seizoen 1: Episode II","","Google Chromecast streaming stick","00:49:09","00:49:09","NL (Netherlands)"
"John.Doe","2020-05-28 22:14:18","00:52:50","","White Lines: Seizoen 1: Aflevering 7 (Aflevering 7)","","Google Chromecast streaming stick","00:53:02","00:53:02","NL (Netherlands)"
"John.Doe","2020-05-28 21:21:52","00:50:46","","White Lines: Seizoen 1: Aflevering 6 (Aflevering 6)","","Google Chromecast streaming stick","00:50:46","00:50:46","NL (Netherlands)"
"John.Doe","2020-05-27 22:50:21","00:49:39","","White Lines: Seizoen 1: Aflevering 5 (Aflevering 5)","","Google Chromecast streaming stick","00:49:39","00:49:39","NL (Netherlands)"
"John.Doe","2020-05-27 22:49:10","00:00:10","Autoplayed: user action: None; ","Vikings: Season 1_hook_primary_16x9","HOOK","iPhone SE","00:00:11","00:00:11","NL (Netherlands)"
"John.Doe","2020-05-26 23:43:12","00:32:53","","The Last Dance: Seizoen 1: Episode II","","Google Chromecast streaming stick","00:33:06","Not latest view","NL (Netherlands)"
"John.Doe","2020-05-26 23:17:41","00:25:06","","The Last Dance: Seizoen 1: Episode I","","Google Chromecast streaming stick","00:49:24","00:49:24","NL (Netherlands)"
"John.Doe","2020-05-26 22:24:49","00:52:13","","White Lines: Seizoen 1: Aflevering 4 (Aflevering 4)","","Google Chromecast streaming stick","00:52:13","00:52:13","NL (Netherlands)"
"John.Doe","2020-05-26 22:24:00","00:00:10","Autoplayed: user action: None; ","Vikings: Season 1_hook_primary_16x9","HOOK","iPhone SE","00:00:11","Not latest view","NL (Netherlands)"
"John.Doe","2020-05-25 23:40:33","00:24:52","","The Last Dance: Seizoen 1: Episode I","","Google Chromecast streaming stick","00:24:52","Not latest view","NL (Netherlands)"
"John.Doe","2020-05-25 23:22:56","00:00:04","Autoplayed: user action: None; ","Extremely Wicked, Shockingly Evil and Vile (Trailer)","TRAILER","iPhone SE","00:00:04","Not latest view","NL (Netherlands)"
"John.Doe","2020-05-25 22:28:55","00:49:58","","White Lines: Seizoen 1: Aflevering 3 (Aflevering 3)","","Google Chromecast streaming stick","00:48:38","00:48:38","NL (Netherlands)"
"John.Doe","2020-05-25 21:34:48","00:53:54","","White Lines: Seizoen 1: Aflevering 2 (Aflevering 2)","","Google Chromecast streaming stick","00:53:54","00:53:54","NL (Netherlands)"
"John.Doe","2020-05-25 21:33:11","00:00:13","Autoplayed: user action: None; ","Extremely Wicked, Shockingly Evil and Vile (Trailer)","TRAILER","iPhone SE","00:00:13","Not latest view","NL (Netherlands)"
"John.Doe","2020-05-24 23:27:13","00:25:41","","La Catedral del Mar: Seizoen 1: Aflevering 8 (Aflevering 8)","","Google Chromecast streaming stick","00:55:47","00:55:47","NL (Netherlands)"
"John.Doe","2020-05-24 22:28:21","00:56:02","","White Lines: Seizoen 1: Aflevering 1 (Aflevering 1)","","Google Chromecast streaming stick","00:53:53","00:53:53","NL (Netherlands)"
"John.Doe","2020-05-23 23:25:51","00:30:06","","La Catedral del Mar: Seizoen 1: Aflevering 8 (Aflevering 8)","","Google Chromecast streaming stick","00:30:06","Not latest view","NL (Netherlands)"
"John.Doe","2020-05-23 22:33:03","00:52:38","","La Catedral del Mar: Seizoen 1: Aflevering 7 (Aflevering 7)","","Google Chromecast streaming stick","00:54:16","00:54:16","NL (Netherlands)"
"John.Doe","2020-05-22 22:21:33","00:24:45","","Wild Wild Country: Seizoen 1: Deel 2 (Aflevering 2)","","Google Chromecast streaming stick","00:24:45","00:24:45","NL (Netherlands)"
"John.Doe","2020-05-22 20:30:01","01:51:23","","The Post","","Google Chromecast streaming stick","01:51:23","01:51:23","NL (Netherlands)"
"John.Doe","2020-05-22 20:24:37","00:00:05","Autoplayed: user action: None; ","La noche de 12 años (Trailer)","TRAILER","Netflix Chrome MAC (Cadmium) HTML 5","00:00:06","00:00:06","NL (Netherlands)"
"John.Doe","2020-05-22 20:23:33","00:00:15","Autoplayed: user action: None; ","Silverado_hook_01_16x9","HOOK","Netflix Chrome MAC (Cadmium) HTML 5","00:00:15","00:00:15","NL (Netherlands)"
"John.Doe","2020-05-22 20:22:55","00:00:07","Autoplayed: user action: None; ","Saving Private Ryan_hook_01_16x9","HOOK","Netflix Chrome MAC (Cadmium) HTML 5","00:00:07","Not latest view","NL (Netherlands)"
"John.Doe","2020-05-22 20:22:33","00:00:11","Autoplayed: user action: None; ","Jarhead_hook_03_16x9","HOOK","Netflix Chrome MAC (Cadmium) HTML 5","00:00:11","00:00:11","NL (Netherlands)"
"John.Doe","2020-05-22 20:22:28","00:00:04","Autoplayed: user action: None; ","Django Unchained_hook_primary_16x9","HOOK","Netflix Chrome MAC (Cadmium) HTML 5","00:00:04","00:00:04","NL (Netherlands)"
"John.Doe","2020-05-22 20:21:13","00:00:18","Autoplayed: user action: None; ","GoodFellas_hook_primary_16x9","HOOK","Netflix Chrome MAC (Cadmium) HTML 5","00:00:27","00:00:27","NL (Netherlands)"
"John.Doe","2020-05-22 20:21:03","00:00:09","Autoplayed: user action: None; ","GoodFellas_hook_primary_16x9","HOOK","Netflix Chrome MAC (Cadmium) HTML 5","00:00:09","Not latest view","NL (Netherlands)"
"John.Doe","2020-05-22 20:19:14","00:00:05","Autoplayed: user action: None; ","The Bad Batch (Trailer)","TRAILER","Netflix Chrome MAC (Cadmium) HTML 5","00:00:06","00:00:06","NL (Netherlands)"
"John.Doe","2020-05-22 20:18:47","00:00:05","Autoplayed: user action: None; ","Marvel's Jessica Jones (Trailer)","TRAILER","Netflix Chrome MAC (Cadmium) HTML 5","00:00:05","00:00:05","NL (Netherlands)"
"John.Doe","2020-05-22 20:18:25","00:00:13","Autoplayed: user action: None; ","Lucid Dream (Trailer)","TRAILER","Netflix Chrome MAC (Cadmium) HTML 5","00:00:14","00:00:14","NL (Netherlands)"
"John.Doe","2020-05-22 20:17:52","00:00:04","Autoplayed: user action: None; ","Dirk Gently's Holistic Detective Agency (Trailer)","TRAILER","Netflix Chrome MAC (Cadmium) HTML 5","00:00:05","00:00:05","NL (Netherlands)"
"John.Doe","2020-05-22 20:17:01","00:00:06","Autoplayed: user action: None; ","The Big Short_hook_primary_16x9","HOOK","Netflix Chrome MAC (Cadmium) HTML 5","00:00:06","00:00:06","NL (Netherlands)"
"John.Doe","2020-05-22 20:16:32","00:00:14","Autoplayed: user action: None; ","Small Crimes (Trailer)","TRAILER","Netflix Chrome MAC (Cadmium) HTML 5","00:00:15","Not latest view","NL (Netherlands)"
"John.Doe","2020-05-22 20:16:13","00:00:06","Autoplayed: user action: None; ","Miniserie (Trailer): Zeit der Geheimnisse","TRAILER","Netflix Chrome MAC (Cadmium) HTML 5","00:00:06","00:00:06","NL (Netherlands)"
"John.Doe","2020-05-22 20:14:08","00:00:19","Autoplayed: user action: None; ","The Post_hook_primary_16x9","HOOK","Netflix Chrome MAC (Cadmium) HTML 5","00:00:19","Not latest view","NL (Netherlands)"
"John.Doe","2020-05-22 20:13:42","00:00:05","Autoplayed: user action: None; ","The Professor and the Madman_hook_02_16x9","HOOK","Netflix Chrome MAC (Cadmium) HTML 5","00:00:05","00:00:05","NL (Netherlands)"
"John.Doe","2020-05-22 20:13:32","00:00:07","Autoplayed: user action: None; ","Mudbound (Trailer)","TRAILER","Netflix Chrome MAC (Cadmium) HTML 5","00:00:08","00:00:08","NL (Netherlands)"
"John.Doe","2020-05-22 20:12:50","00:00:16","Autoplayed: user action: None; ","The Most Hated Woman in America (Trailer)","TRAILER","Netflix Chrome MAC (Cadmium) HTML 5","00:00:17","00:00:17","NL (Netherlands)"
"John.Doe","2020-05-21 22:15:22","00:21:47","","The Most Hated Woman in America","","Google Chromecast streaming stick","00:21:47","00:21:47","NL (Netherlands)"
"John.Doe","2020-05-21 19:56:54","02:02:11","","Professor And The Madman (The)","","Google Chromecast streaming stick","02:00:04","02:00:04","NL (Netherlands)"
"John.Doe","2020-05-19 23:11:49","00:18:01","","Godless: Miniserie: An Incident at Creede (Aflevering 1)","","Google Chromecast streaming stick","00:18:01","00:18:01","NL (Netherlands)"
"John.Doe","2020-05-19 23:10:59","00:00:11","Autoplayed: user action: None; ","Seizoen 1 (Trailer): The Last Dance","TRAILER","iPhone SE","00:00:11","00:00:11","NL (Netherlands)"
"John.Doe","2020-05-19 23:10:11","00:00:02","","La Catedral del Mar: Seizoen 1: Aflevering 7 (Aflevering 7)","","Google Chromecast streaming stick","00:01:38","Not latest view","NL (Netherlands)"
"John.Doe","2020-05-19 22:16:12","00:53:46","","La Catedral del Mar: Seizoen 1: Aflevering 6 (Aflevering 6)","","Google Chromecast streaming stick","00:53:46","00:53:46","NL (Netherlands)"
"John.Doe","2020-05-18 22:03:50","00:54:27","","La Catedral del Mar: Seizoen 1: Aflevering 5 (Aflevering 5)","","Google Chromecast streaming stick","00:54:27","00:54:27","NL (Netherlands)"
"John.Doe","2020-05-17 21:51:57","00:52:28","","La Catedral del Mar: Seizoen 1: Aflevering 4 (Aflevering 4)","","Google Chromecast streaming stick","00:53:56","00:53:56","NL (Netherlands)"
"John.Doe","2020-05-17 21:51:19","00:00:05","Autoplayed: user action: None; ","Seizoen 1 (Trailer): Snowpiercer","TRAILER","iPhone SE","00:00:06","Not latest view","NL (Netherlands)"
"John.Doe","2020-05-16 23:00:34","00:00:18","","La Catedral del Mar: Seizoen 1: Aflevering 4 (Aflevering 4)","","Google Chromecast streaming stick","00:01:46","Not latest view","NL (Netherlands)"
"John.Doe","2020-05-16 22:02:49","00:53:57","","La Catedral del Mar: Seizoen 1: Aflevering 3 (Aflevering 3)","","Google Chromecast streaming stick","00:55:37","00:55:37","NL (Netherlands)"
"John.Doe","2020-05-16 21:06:30","00:54:38","","La Catedral del Mar: Seizoen 1: Aflevering 2 (Aflevering 2)","","Google Chromecast streaming stick","00:54:38","00:54:38","NL (Netherlands)"
"John.Doe","2020-05-16 20:43:40","00:22:27","","World War Z","","Google Chromecast streaming stick","00:22:27","00:22:27","NL (Netherlands)"
"John.Doe","2020-05-16 20:38:05","00:00:23","Autoplayed: user action: None; ","Trailer: Extraction","TRAILER","Netflix Chrome MAC (Cadmium) HTML 5","00:00:23","00:00:23","NL (Netherlands)"
"John.Doe","2020-05-16 20:37:57","00:00:06","Autoplayed: user action: None; ","The Departed_hook_primary_16x9","HOOK","Netflix Chrome MAC (Cadmium) HTML 5","00:00:06","00:00:06","NL (Netherlands)"
"John.Doe","2020-05-16 20:37:28","00:00:09","Autoplayed: user action: None; ","By the Sea_hook_primary_16x9","HOOK","Netflix Chrome MAC (Cadmium) HTML 5","00:00:09","00:00:09","NL (Netherlands)"
"John.Doe","2020-05-16 20:37:16","00:00:08","Autoplayed: user action: None; ","World War Z_hook_primary_16x9","HOOK","Netflix Chrome MAC (Cadmium) HTML 5","00:00:08","00:00:08","NL (Netherlands)"
"John.Doe","2020-05-16 20:36:27","00:00:05","Autoplayed: user action: None; ","Unbroken_hook_primary_16x9","HOOK","Netflix Chrome MAC (Cadmium) HTML 5","00:00:05","00:00:05","NL (Netherlands)"
"John.Doe","2020-05-16 20:36:15","00:00:09","Autoplayed: user action: None; ","Jarhead_hook_03_16x9","HOOK","Netflix Chrome MAC (Cadmium) HTML 5","00:00:09","Not latest view","NL (Netherlands)"
"John.Doe","2020-05-16 20:35:39","00:00:34","Autoplayed: user action: None; ","Extremely Wicked, Shockingly Evil and Vile (Trailer)","TRAILER","Netflix Chrome MAC (Cadmium) HTML 5","00:00:48","Not latest view","NL (Netherlands)"
"John.Doe","2020-05-16 20:35:23","00:00:14","Autoplayed: user action: None; ","Extremely Wicked, Shockingly Evil and Vile (Trailer)","TRAILER","Netflix Chrome MAC (Cadmium) HTML 5","00:00:14","Not latest view","NL (Netherlands)"
"John.Doe","2020-05-16 20:35:13","00:00:05","Autoplayed: user action: None; ","Yes Man_hook_primary_16x9","HOOK","Netflix Chrome MAC (Cadmium) HTML 5","00:00:05","00:00:05","NL (Netherlands)"
"John.Doe","2020-05-16 20:35:04","00:00:06","Autoplayed: user action: None; ","Yes Man_hook_primary_16x9","HOOK","Netflix Chrome MAC (Cadmium) HTML 5","00:00:06","Not latest view","NL (Netherlands)"
"John.Doe","2020-05-16 20:34:42","00:00:12","Autoplayed: user action: None; ","Gone Girl_hook_primary_16x9","HOOK","Netflix Chrome MAC (Cadmium) HTML 5","00:00:12","00:00:12","NL (Netherlands)"
"John.Doe","2020-05-16 20:34:21","00:00:01","","Django Unchained","","Netflix Chrome MAC (Cadmium) HTML 5","00:00:01","00:00:01","NL (Netherlands)"
"John.Doe","2020-05-16 20:33:58","00:00:04","Autoplayed: user action: None; ","Legends of the Fall_hook_primary_16x9","HOOK","Netflix Chrome MAC (Cadmium) HTML 5","00:00:04","00:00:04","NL (Netherlands)"
"John.Doe","2020-05-16 20:33:37","00:00:04","Autoplayed: user action: None; ","War Machine (Trailer)","TRAILER","Netflix Chrome MAC (Cadmium) HTML 5","00:00:05","00:00:05","NL (Netherlands)"
"John.Doe","2020-05-16 20:33:14","00:00:05","Autoplayed: user action: None; ","The Tale of The Princess Kaguya_hook_01_16x9","HOOK","Netflix Chrome MAC (Cadmium) HTML 5","00:00:05","00:00:05","NL (Netherlands)"
"John.Doe","2020-05-16 20:32:58","00:00:05","Autoplayed: user action: None; ","In the Shadow of the Moon (Trailer)","TRAILER","Netflix Chrome MAC (Cadmium) HTML 5","00:00:05","00:00:05","NL (Netherlands)"
"John.Doe","2020-05-16 20:32:30","00:00:20","Autoplayed: user action: None; ","World War Z_hook_primary_16x9","HOOK","Netflix Chrome MAC (Cadmium) HTML 5","00:00:21","Not latest view","NL (Netherlands)"
"John.Doe","2020-05-16 20:32:12","00:00:11","Autoplayed: user action: None; ","Elysium_hook_primary_16x9","HOOK","Netflix Chrome MAC (Cadmium) HTML 5","00:00:11","00:00:11","NL (Netherlands)"
"John.Doe","2020-05-16 20:32:00","00:00:08","Autoplayed: user action: None; ","The Purge: Election Year_hook_primary_16x9","HOOK","Netflix Chrome MAC (Cadmium) HTML 5","00:00:08","00:00:08","NL (Netherlands)"
"John.Doe","2020-05-16 20:31:40","00:00:13","Autoplayed: user action: None; ","In the Shadow of the Moon (Trailer)","TRAILER","Netflix Chrome MAC (Cadmium) HTML 5","00:00:13","Not latest view","NL (Netherlands)"
"John.Doe","2020-05-16 20:31:26","00:00:11","Autoplayed: user action: None; ","World War Z_hook_primary_16x9","HOOK","Netflix Chrome MAC (Cadmium) HTML 5","00:00:11","Not latest view","NL (Netherlands)"
"John.Doe","2020-05-16 20:31:19","00:00:04","Autoplayed: user action: None; ","Warcraft_hook_primary_16x9","HOOK","Netflix Chrome MAC (Cadmium) HTML 5","00:00:04","00:00:04","NL (Netherlands)"
"John.Doe","2020-05-16 20:30:25","00:00:28","Autoplayed: user action: None; ","Uncut Gems (Trailer)","TRAILER","Netflix Chrome MAC (Cadmium) HTML 5","00:00:28","Not latest view","NL (Netherlands)"
"John.Doe","2020-05-16 20:30:18","00:00:06","Autoplayed: user action: None; ","Trailer: The King","TRAILER","Netflix Chrome MAC (Cadmium) HTML 5","00:00:06","00:00:06","NL (Netherlands)"
"John.Doe","2020-05-16 20:29:53","00:00:19","Autoplayed: user action: None; ","Training Day_hook_primary_16x9","HOOK","Netflix Chrome MAC (Cadmium) HTML 5","00:00:19","00:00:19","NL (Netherlands)"
"John.Doe","2020-05-16 20:28:59","00:00:46","Autoplayed: user action: None; ","You Were Never Really Here_hook_primary_16x9","HOOK","Netflix Chrome MAC (Cadmium) HTML 5","00:00:46","00:00:46","NL (Netherlands)"
"John.Doe","2020-05-16 20:28:02","00:00:32","Autoplayed: user action: None; ","Spotlight_hook_primary_16x9","HOOK","Netflix Chrome MAC (Cadmium) HTML 5","00:00:32","00:00:32","NL (Netherlands)"
"John.Doe","2020-05-16 20:27:45","00:00:08","Autoplayed: user action: None; ","The Remains of the Day_hook_primary_16x9","HOOK","Netflix Chrome MAC (Cadmium) HTML 5","00:00:08","00:00:08","NL (Netherlands)"
"John.Doe","2020-05-16 20:27:25","00:00:19","Autoplayed: user action: None; ","Unbroken_hook_primary_16x9","HOOK","Netflix Chrome MAC (Cadmium) HTML 5","00:00:19","Not latest view","NL (Netherlands)"
"John.Doe","2020-05-16 20:27:07","00:00:04","Autoplayed: user action: None; ","Inception_hook_primary_16x9","HOOK","Netflix Chrome MAC (Cadmium) HTML 5","00:00:04","00:00:04","NL (Netherlands)"
"John.Doe","2020-05-16 20:26:52","00:00:05","Autoplayed: user action: None; ","What I Love About Charlie","TEASER_TRAILER","Netflix Chrome MAC (Cadmium) HTML 5","00:00:05","Not latest view","NL (Netherlands)"
"John.Doe","2020-05-16 20:26:22","00:00:15","Autoplayed: user action: None; ","Gravity_hook_02_16x9","HOOK","Netflix Chrome MAC (Cadmium) HTML 5","00:00:38","00:00:38","NL (Netherlands)"
"John.Doe","2020-05-16 20:25:58","00:00:23","Autoplayed: user action: None; ","Gravity_hook_02_16x9","HOOK","Netflix Chrome MAC (Cadmium) HTML 5","00:00:23","Not latest view","NL (Netherlands)"
"John.Doe","2020-05-16 20:25:14","00:00:04","Autoplayed: user action: None; ","Spirited Away_hook_01_16x9","HOOK","Netflix Chrome MAC (Cadmium) HTML 5","00:00:04","00:00:04","NL (Netherlands)"
"John.Doe","2020-05-16 20:24:53","00:00:12","Autoplayed: user action: None; ","2001: A Space Odyssey_hook_03_16x9","HOOK","Netflix Chrome MAC (Cadmium) HTML 5","00:00:12","00:00:12","NL (Netherlands)"
"John.Doe","2020-05-16 20:24:42","00:00:08","Autoplayed: user action: None; ","Moonlight_hook_primary_16x9","HOOK","Netflix Chrome MAC (Cadmium) HTML 5","00:00:08","00:00:08","NL (Netherlands)"
"John.Doe","2020-05-16 20:24:17","00:00:06","Autoplayed: user action: None; ","Apostle (Trailer)","TRAILER","Netflix Chrome MAC (Cadmium) HTML 5","00:00:07","00:00:07","NL (Netherlands)"
"John.Doe","2020-05-16 20:23:48","00:00:16","Autoplayed: user action: None; ","Gerald's Game (Trailer)","TRAILER","Netflix Chrome MAC (Cadmium) HTML 5","00:00:16","00:00:16","NL (Netherlands)"
"John.Doe","2020-05-16 20:23:39","00:00:04","Autoplayed: user action: None; ","Trailer: The King","TRAILER","Netflix Chrome MAC (Cadmium) HTML 5","00:00:04","Not latest view","NL (Netherlands)"
"John.Doe","2020-05-16 20:23:02","00:00:12","Autoplayed: user action: None; ","You Were Never Really Here_hook_primary_16x9","HOOK","Netflix Chrome MAC (Cadmium) HTML 5","00:00:12","Not latest view","NL (Netherlands)"
"John.Doe","2020-05-16 20:21:31","00:00:23","Autoplayed: user action: None; ","Silverado_hook_01_16x9","HOOK","Netflix Chrome MAC (Cadmium) HTML 5","00:00:23","Not latest view","NL (Netherlands)"
"John.Doe","2020-05-16 20:20:53","00:00:24","Autoplayed: user action: None; ","Trailer: Extraction","TRAILER","Netflix Chrome MAC (Cadmium) HTML 5","00:00:24","Not latest view","NL (Netherlands)"
"John.Doe","2020-05-16 20:20:09","00:00:16","Autoplayed: user action: None; ","Eternal Sunshine of the Spotless Mind_hook_primary_16x9","HOOK","Netflix Chrome MAC (Cadmium) HTML 5","00:00:19","00:00:19","NL (Netherlands)"
"John.Doe","2020-05-16 20:20:04","00:00:04","Autoplayed: user action: None; ","Eternal Sunshine of the Spotless Mind_hook_primary_16x9","HOOK","Netflix Chrome MAC (Cadmium) HTML 5","00:00:04","Not latest view","NL (Netherlands)"
"John.Doe","2020-05-16 20:19:16","00:00:04","Autoplayed: user action: None; ","Sorjonen: Seizoen 2 (Trailer)","TRAILER","Netflix Chrome MAC (Cadmium) HTML 5","00:00:05","00:00:05","NL (Netherlands)"
"John.Doe","2020-05-16 20:18:56","00:00:16","Autoplayed: user action: None; ","Marco Polo (Trailer)","TRAILER","Netflix Chrome MAC (Cadmium) HTML 5","00:00:16","00:00:16","NL (Netherlands)"
"John.Doe","2020-05-16 20:18:46","00:00:01","","The Ballad of Buster Scruggs","","Netflix Chrome MAC (Cadmium) HTML 5","00:00:04","00:00:04","NL (Netherlands)"
"John.Doe","2020-05-16 20:18:19","00:00:26","Autoplayed: user action: None; ","The Ballad of Buster Scruggs (Trailer)","TRAILER","Netflix Chrome MAC (Cadmium) HTML 5","00:00:27","Not latest view","NL (Netherlands)"
"John.Doe","2020-05-16 20:17:37","00:00:06","Autoplayed: user action: None; ","Lykke-Per (Trailer)","TRAILER","Netflix Chrome MAC (Cadmium) HTML 5","00:00:06","00:00:06","NL (Netherlands)"
"John.Doe","2020-05-16 20:17:17","00:00:13","Autoplayed: user action: None; ","Cargo (Trailer)","TRAILER","Netflix Chrome MAC (Cadmium) HTML 5","00:00:13","00:00:13","NL (Netherlands)"
"John.Doe","2020-05-16 20:15:27","00:00:46","Autoplayed: user action: None; ","The Professor and the Madman_hook_02_16x9","HOOK","Netflix Chrome MAC (Cadmium) HTML 5","00:00:59","Not latest view","NL (Netherlands)"
"John.Doe","2020-05-16 20:15:13","00:00:13","Autoplayed: user action: None; ","The Professor and the Madman_hook_02_16x9","HOOK","Netflix Chrome MAC (Cadmium) HTML 5","00:00:13","Not latest view","NL (Netherlands)"
"John.Doe","2020-05-16 20:14:35","00:00:06","Autoplayed: user action: None; ","Seizoen 1 (Trailer): White Lines","TRAILER","Netflix Chrome MAC (Cadmium) HTML 5","00:00:17","00:00:17","NL (Netherlands)"
"John.Doe","2020-05-16 20:14:08","00:00:10","Autoplayed: user action: None; ","Seizoen 1 (Trailer): White Lines","TRAILER","Netflix Chrome MAC (Cadmium) HTML 5","00:00:10","Not latest view","NL (Netherlands)"
"John.Doe","2020-05-14 22:27:12","00:08:42","","LA Originals","","Google Chromecast streaming stick","00:08:42","00:08:42","NL (Netherlands)"
"John.Doe","2020-05-14 22:26:08","00:00:06","Autoplayed: user action: None; ","Seizoen 1 (Trailer): The Last Dance","TRAILER","iPhone SE","00:00:06","Not latest view","NL (Netherlands)"
"John.Doe","2020-05-14 21:23:52","01:00:09","","La Catedral del Mar: Seizoen 1: Aflevering 1 (Aflevering 1)","","Google Chromecast streaming stick","01:00:09","01:00:09","NL (Netherlands)"
"John.Doe","2020-05-14 21:02:04","00:00:43","Autoplayed: user action: None; ","Seizoen 1 (Trailer): The Last Dance","TRAILER","iPhone SE","00:00:44","Not latest view","NL (Netherlands)"
"John.Doe","2020-05-10 21:39:41","00:58:25","","Homeland: Seizoen 7: Paean to the People (Aflevering 12)","","Google Chromecast streaming stick","00:58:24","00:58:24","NL (Netherlands)"
"John.Doe","2020-05-10 19:31:30","01:53:44","","The Bad Batch","","Google Chromecast streaming stick","01:53:44","01:53:44","NL (Netherlands)"
"John.Doe","2020-05-10 19:16:11","00:00:07","Autoplayed: user action: None; ","The Bad Batch (Trailer)","TRAILER","Netflix Chrome MAC (Cadmium) HTML 5","00:00:25","Not latest view","NL (Netherlands)"
"John.Doe","2020-05-10 19:15:52","00:00:18","Autoplayed: user action: None; ","The Bad Batch (Trailer)","TRAILER","Netflix Chrome MAC (Cadmium) HTML 5","00:00:19","Not latest view","NL (Netherlands)"
"John.Doe","2020-05-10 19:15:43","00:00:08","Autoplayed: user action: None; ","ReMastered: Tricky Dick & The Man in Black (Trailer)","TRAILER","Netflix Chrome MAC (Cadmium) HTML 5","00:00:08","00:00:08","NL (Netherlands)"
"John.Doe","2020-05-10 19:15:11","00:00:16","Autoplayed: user action: None; ","The Departed_hook_primary_16x9","HOOK","Netflix Chrome MAC (Cadmium) HTML 5","00:00:16","Not latest view","NL (Netherlands)"
"John.Doe","2020-05-10 19:14:40","00:00:06","Autoplayed: user action: None; ","Zodiac_hook_01_16x9","HOOK","Netflix Chrome MAC (Cadmium) HTML 5","00:00:06","00:00:06","NL (Netherlands)"
"John.Doe","2020-05-10 19:13:53","00:00:14","Autoplayed: user action: None; ","Tidelands: Season 1 (Hook 1)","HOOK","Netflix Chrome MAC (Cadmium) HTML 5","00:00:14","00:00:14","NL (Netherlands)"
"John.Doe","2020-05-10 19:12:14","00:01:36","Autoplayed: user action: None; ","Órbita 9 (Trailer)","TRAILER","Netflix Chrome MAC (Cadmium) HTML 5","00:01:37","00:01:37","NL (Netherlands)"
"John.Doe","2020-05-10 19:10:31","00:00:10","Autoplayed: user action: None; ","Aquarius: Season 1_hook_primary_16x9","HOOK","Netflix Chrome MAC (Cadmium) HTML 5","00:00:10","00:00:10","NL (Netherlands)"
"John.Doe","2020-05-10 19:10:17","00:00:04","Autoplayed: user action: None; ","Murder Mountain (Trailer)","TRAILER","Netflix Chrome MAC (Cadmium) HTML 5","00:00:05","00:00:05","NL (Netherlands)"
"John.Doe","2020-05-10 19:09:23","00:00:14","Autoplayed: user action: None; ","Love, Death & Robots: Volume 1 (Trailer)","TRAILER","Netflix Chrome MAC (Cadmium) HTML 5","00:00:14","00:00:14","NL (Netherlands)"
"John.Doe","2020-05-10 19:08:53","00:00:14","Autoplayed: user action: None; ","Behind the Curve_hook_primary_16x9","HOOK","Netflix Chrome MAC (Cadmium) HTML 5","00:00:14","00:00:14","NL (Netherlands)"
"John.Doe","2020-05-10 19:08:01","00:00:25","Autoplayed: user action: None; ","The Big Short_hook_primary_16x9","HOOK","Netflix Chrome MAC (Cadmium) HTML 5","00:00:25","Not latest view","NL (Netherlands)"
"John.Doe","2020-05-10 19:05:43","00:00:18","Autoplayed: user action: None; ","Legends of the Fall_hook_primary_16x9","HOOK","Netflix Chrome MAC (Cadmium) HTML 5","00:00:18","Not latest view","NL (Netherlands)"
"John.Doe","2020-05-10 19:01:16","00:00:08","Autoplayed: user action: None; ","Seizoen 1 (Trailer): Hollywood","TRAILER","Netflix Chrome MAC (Cadmium) HTML 5","00:00:10","00:00:10","NL (Netherlands)"
"John.Doe","2020-05-07 21:52:42","00:49:05","","Homeland: Seizoen 7: All In (Aflevering 11)","","Google Chromecast streaming stick","00:50:25","00:50:25","NL (Netherlands)"
"John.Doe","2020-05-07 20:53:50","00:56:43","","Homeland: Seizoen 7: Clarity (Aflevering 10)","","Google Chromecast streaming stick","00:56:43","00:56:43","NL (Netherlands)"
"John.Doe","2020-05-06 22:41:33","00:47:57","","Homeland: Seizoen 7: Useful Idiot (Aflevering 9)","","Google Chromecast streaming stick","00:48:11","00:48:11","NL (Netherlands)"
"John.Doe","2020-05-06 21:52:29","00:48:55","","Homeland: Seizoen 7: Lies, Amplifiers, Fucking Twitter (Aflevering 8)","","Google Chromecast streaming stick","00:48:55","00:48:55","NL (Netherlands)"
"John.Doe","2020-05-05 22:29:56","00:49:51","","Homeland: Seizoen 7: Andante (Aflevering 7)","","Google Chromecast streaming stick","00:51:11","00:51:11","NL (Netherlands)"
"John.Doe","2020-05-05 21:36:00","00:53:45","","Homeland: Seizoen 7: Species Jump (Aflevering 6)","","Google Chromecast streaming stick","00:53:45","00:53:45","NL (Netherlands)"
"John.Doe","2020-05-05 20:50:17","00:45:06","","ReMastered: The Lion's Share","","Google Chromecast streaming stick","00:41:19","00:41:19","NL (Netherlands)"
"John.Doe","2020-05-04 21:50:26","00:46:51","","Homeland: Seizoen 7: Active Measures (Aflevering 5)","","Google Chromecast streaming stick","00:48:10","00:48:10","NL (Netherlands)"
"John.Doe","2020-05-04 21:05:03","00:45:14","","Homeland: Seizoen 7: Like Bad at Things (Aflevering 4)","","Google Chromecast streaming stick","00:45:14","00:45:14","NL (Netherlands)"
"John.Doe","2020-05-03 22:15:20","00:20:48","","Rise of Empires: Ottoman: Seizoen 1: The New Sultan (Aflevering 1)","","Google Chromecast streaming stick","00:19:40","00:19:40","NL (Netherlands)"
"John.Doe","2020-05-03 22:14:42","00:00:05","","Roman Empire: Julius Caesar: Master of Rome: The Triumvirate (Aflevering 1)","","Google Chromecast streaming stick","00:00:05","00:00:05","NL (Netherlands)"
"John.Doe","2020-05-03 21:51:07","00:22:24","","Roman Empire: Commodus: Reign of Blood: Born in the Purple (Aflevering 1)","","Google Chromecast streaming stick","00:22:24","00:22:24","NL (Netherlands)"
"John.Doe","2020-05-03 21:10:09","00:40:43","","Homeland: Seizoen 7: Standoff (Aflevering 3)","","Google Chromecast streaming stick","00:49:06","00:49:06","NL (Netherlands)"
"John.Doe","2020-05-02 23:34:21","00:07:06","","Homeland: Seizoen 7: Standoff (Aflevering 3)","","Google Chromecast streaming stick","00:08:26","Not latest view","NL (Netherlands)"
"John.Doe","2020-05-02 22:41:27","00:52:46","","Homeland: Seizoen 7: Rebel Rebel (Aflevering 2)","","Google Chromecast streaming stick","00:54:06","00:54:06","NL (Netherlands)"
"John.Doe","2020-05-02 21:45:24","00:55:47","","Homeland: Seizoen 7: Enemy of the State (Aflevering 1)","","Google Chromecast streaming stick","00:55:47","00:55:47","NL (Netherlands)"
"John.Doe","2020-05-02 21:39:54","00:03:06","","Eternal Sunshine of the Spotless Mind","","Google Chromecast streaming stick","00:03:06","Not latest view","NL (Netherlands)"
"John.Doe","2020-05-02 19:16:37","00:00:02","","Rick and Morty: Seizoen 3: Rest and Ricklaxation (Aflevering 6)","","Google Chromecast streaming stick","00:00:08","Not latest view","NL (Netherlands)"
"John.Doe","2020-05-02 18:53:43","00:22:39","","Rick and Morty: Seizoen 3: The Whirly Dirly Conspiracy (Aflevering 5)","","Google Chromecast streaming stick","00:22:45","Not latest view","NL (Netherlands)"
"John.Doe","2020-05-02 18:30:07","00:23:17","","Rick and Morty: Seizoen 3: Vindicators 3:  The Return of Worldender (Aflevering 4)","","Google Chromecast streaming stick","00:23:23","Not latest view","NL (Netherlands)"
"John.Doe","2020-05-02 18:06:06","00:23:45","","Rick and Morty: Seizoen 3: Pickle Rick (Aflevering 3)","","Google Chromecast streaming stick","00:23:45","Not latest view","NL (Netherlands)"
"John.Doe","2020-04-30 23:23:24","00:00:09","","Roman Empire: Commodus: Reign of Blood: Born in the Purple (Aflevering 1)","","Google Chromecast streaming stick","00:00:09","Not latest view","NL (Netherlands)"
"John.Doe","2020-04-30 22:44:22","00:38:11","","Roman Empire: Caligula: The Mad Emperor: A New Hope (Aflevering 2)","","Google Chromecast streaming stick","00:38:11","00:38:11","NL (Netherlands)"
"John.Doe","2020-04-30 21:52:29","00:51:44","","Unorthodox: Miniserie: Deel 4 (Aflevering 4)","","Google Chromecast streaming stick","00:51:44","00:51:44","NL (Netherlands)"
"John.Doe","2020-04-30 21:51:48","00:00:11","Autoplayed: user action: None; ","Seizoen 1 (Trailer): White Lines","TRAILER","iPhone SE","00:00:11","Not latest view","NL (Netherlands)"
"John.Doe","2020-04-29 23:04:07","00:41:59","","Roman Empire: Caligula: The Mad Emperor: The Rightful Heir (Aflevering 1)","","Google Chromecast streaming stick","00:41:59","00:41:59","NL (Netherlands)"
"John.Doe","2020-04-29 21:54:16","00:52:40","","Unorthodox: Miniserie: Deel 3 (Aflevering 3)","","Google Chromecast streaming stick","00:52:40","00:52:40","NL (Netherlands)"
"John.Doe","2020-04-29 21:53:41","00:00:03","","Unorthodox: Miniserie: Deel 3 (Aflevering 3)","","iPhone SE","00:00:03","Not latest view","NL (Netherlands)"
"John.Doe","2020-04-29 21:53:31","00:00:06","Autoplayed: user action: None; ","Roman Empire: Caligula: The Mad Emperor (Trailer)","TRAILER","iPhone SE","00:00:06","00:00:06","NL (Netherlands)"
"John.Doe","2020-04-29 21:52:54","00:00:07","Autoplayed: user action: None; ","Seizoen 1 (Trailer): White Lines","TRAILER","iPhone SE","00:00:07","Not latest view","NL (Netherlands)"
"John.Doe","2020-04-28 22:56:45","00:10:54","","Wild Wild Country: Seizoen 1: Deel 1 (Aflevering 1)","","Google Chromecast streaming stick","01:02:41","01:02:41","NL (Netherlands)"
"John.Doe","2020-04-28 21:45:40","01:06:06","","Ozark: Seizoen 3: All In (Aflevering 10)","","Google Chromecast streaming stick","01:03:55","01:03:55","NL (Netherlands)"
"John.Doe","2020-04-27 23:21:45","00:04:35","","Tiger King: Murder, Mayhem and Madness: Miniserie: Onttroond (Aflevering 7)","","Google Chromecast streaming stick","00:04:35","00:04:35","NL (Netherlands)"
"John.Doe","2020-04-27 22:19:55","00:59:51","","Ozark: Seizoen 3: Fire Pink (Aflevering 9)","","Google Chromecast streaming stick","00:59:57","00:59:57","NL (Netherlands)"
"John.Doe","2020-04-27 21:15:49","00:59:29","","Ozark: Seizoen 3: BFF (Aflevering 8)","","Google Chromecast streaming stick","00:54:59","00:54:59","NL (Netherlands)"
"John.Doe","2020-04-26 23:01:15","00:27:01","","Tiger King: Murder, Mayhem and Madness: Miniserie: Een goede daad (Aflevering 6)","","Google Chromecast streaming stick","00:44:16","00:44:16","NL (Netherlands)"
"John.Doe","2020-04-26 19:56:48","02:42:07","","Once Upon a Time in Hollywood","","Google Chromecast streaming stick","02:41:03","02:41:03","NL (Netherlands)"
"John.Doe","2020-04-25 23:59:22","00:17:16","","Tiger King: Murder, Mayhem and Madness: Miniserie: Een goede daad (Aflevering 6)","","Google Chromecast streaming stick","00:17:16","Not latest view","NL (Netherlands)"
"John.Doe","2020-04-25 22:57:37","00:59:25","","Ozark: Seizoen 3: In Case of Emergency (Aflevering 7)","","Google Chromecast streaming stick","00:58:53","00:58:53","NL (Netherlands)"
"John.Doe","2020-04-25 21:40:58","00:59:44","","Ozark: Seizoen 3: Su Casa Es Mi Casa (Aflevering 6)","","Google Chromecast streaming stick","00:56:01","00:56:01","NL (Netherlands)"
"John.Doe","2020-04-24 22:23:06","00:27:37","","Tiger King: Murder, Mayhem and Madness: Miniserie: Make America Exotic Again (Aflevering 5)","","Google Chromecast streaming stick","00:41:08","00:41:08","NL (Netherlands)"
"John.Doe","2020-04-24 21:17:02","01:00:07","","Ozark: Seizoen 3: It Came From Michoacán (Aflevering 5)","","Google Chromecast streaming stick","01:00:07","01:00:07","NL (Netherlands)"
"John.Doe","2020-04-24 21:15:35","00:00:15","","Peter Pannekoek - Zacht van Binnen","","Google Chromecast streaming stick","00:50:35","00:50:35","NL (Netherlands)"
"John.Doe","2020-04-24 21:05:11","00:09:40","","Javier Guzman - Ga-Bie-Jer","","Google Chromecast streaming stick","00:09:40","00:09:40","NL (Netherlands)"
"John.Doe","2020-04-24 19:26:29","01:38:19","","1922","","Google Chromecast streaming stick","01:38:19","01:38:19","NL (Netherlands)"
"John.Doe","2020-04-23 21:56:53","00:00:58","","Tiger King: Murder, Mayhem and Madness: Miniserie: Make America Exotic Again (Aflevering 5)","","Google Chromecast streaming stick","00:13:31","Not latest view","NL (Netherlands)"
"John.Doe","2020-04-23 21:00:35","00:50:13","","Ozark: Seizoen 3: Boss Fight (Aflevering 4)","","Google Chromecast streaming stick","00:50:13","00:50:13","NL (Netherlands)"
"John.Doe","2020-04-23 20:57:37","00:00:06","","Ozark: Seizoen 3: Boss Fight (Aflevering 4)","","Google Chromecast streaming stick","00:00:06","Not latest view","NL (Netherlands)"
"John.Doe","2020-04-23 20:57:05","00:00:04","","Unorthodox: Miniserie: Deel 3 (Aflevering 3)","","Google Chromecast streaming stick","00:00:08","Not latest view","NL (Netherlands)"
"John.Doe","2020-04-23 20:06:26","00:50:29","","Unorthodox: Miniserie: Deel 2 (Aflevering 2)","","Google Chromecast streaming stick","00:50:29","00:50:29","NL (Netherlands)"
"John.Doe","2020-04-22 22:39:26","00:25:35","","Wild Wild Country: Seizoen 1: Deel 1 (Aflevering 1)","","Google Chromecast streaming stick","00:51:49","Not latest view","NL (Netherlands)"
"John.Doe","2020-04-22 22:39:00","00:00:02","","Ozark: Seizoen 3: Boss Fight (Aflevering 4)","","Google Chromecast streaming stick","00:00:08","Not latest view","NL (Netherlands)"
"John.Doe","2020-04-22 21:42:03","00:56:43","","Ozark: Seizoen 3: Kevin Cronin Was Here (Aflevering 3)","","Google Chromecast streaming stick","00:56:43","00:56:43","NL (Netherlands)"
"John.Doe","2020-04-22 20:37:32","01:01:52","","Ozark: Seizoen 3: Civil Union (Aflevering 2)","","Google Chromecast streaming stick","01:01:20","01:01:20","NL (Netherlands)"
"John.Doe","2020-04-22 20:25:42","00:01:26","Autoplayed: user action: None; ","Seizoen 1 (Trailer): The Last Dance","TRAILER","iPhone SE","00:01:26","Not latest view","NL (Netherlands)"
"John.Doe","2020-04-22 20:18:11","00:00:10","Autoplayed: user action: None; ","Seizoen 1 (Trailer): The Last Dance","TRAILER","iPhone SE","00:00:10","Not latest view","NL (Netherlands)"
"John.Doe","2020-04-21 23:40:31","00:00:21","Autoplayed: user action: None; ","Seizoen 1 (Trailer): The Last Dance","TRAILER","iPhone SE","00:00:21","Not latest view","NL (Netherlands)"
"John.Doe","2020-04-21 23:31:38","00:12:30","","Tiger King: Murder, Mayhem and Madness: Miniserie: Make America Exotic Again (Aflevering 5)","","Google Chromecast streaming stick","00:12:34","Not latest view","NL (Netherlands)"
"John.Doe","2020-04-21 23:01:36","00:00:09","Autoplayed: user action: None; ","Seizoen 1 (Trailer): The Last Dance","TRAILER","iPhone SE","00:00:09","Not latest view","NL (Netherlands)"
"John.Doe","2020-04-21 22:47:12","00:44:11","","Tiger King: Murder, Mayhem and Madness: Miniserie: Spelen met vuur (Aflevering 4)","","Google Chromecast streaming stick","00:43:39","00:43:39","NL (Netherlands)"
"John.Doe","2020-04-21 22:46:47","00:00:23","Autoplayed: user action: None; ","Seizoen 1 (Trailer): The Last Dance","TRAILER","iPhone SE","00:00:23","Not latest view","NL (Netherlands)"
"John.Doe","2020-04-21 21:53:23","00:51:00","","Unorthodox: Miniserie: Deel 1 (Aflevering 1)","","Google Chromecast streaming stick","00:49:56","00:49:56","NL (Netherlands)"
"John.Doe","2020-04-21 21:52:10","00:00:15","Autoplayed: user action: None; ","Seizoen 1 (Trailer): Absurd Planet","TRAILER","iPhone SE","00:00:16","00:00:16","NL (Netherlands)"
"John.Doe","2020-04-21 20:39:17","01:00:21","","Better Call Saul: Seizoen 5: Something Unforgivable (Aflevering 10)","","Google Chromecast streaming stick","01:00:21","01:00:21","NL (Netherlands)"
"John.Doe","2020-04-20 21:26:35","00:50:52","","Peter Pannekoek - Zacht van Binnen","","Google Chromecast streaming stick","00:50:21","Not latest view","NL (Netherlands)"
"John.Doe","2020-04-18 21:40:46","00:41:09","","Ozark: Seizoen 3: Wartime (Aflevering 1)","","Google Chromecast streaming stick","00:58:16","00:58:16","NL (Netherlands)"
"John.Doe","2020-04-17 22:19:52","00:26:15","","Wild Wild Country: Seizoen 1: Deel 1 (Aflevering 1)","","Google Chromecast streaming stick","00:26:15","Not latest view","NL (Netherlands)"
"John.Doe","2020-04-17 21:18:13","01:00:02","","La casa de papel: Deel 4: Plan Parijs (Aflevering 8)","","Google Chromecast streaming stick","01:00:02","01:00:02","NL (Netherlands)"
"John.Doe","2020-04-16 22:46:24","00:44:13","","Tiger King: Murder, Mayhem and Madness: Miniserie: Het geheim (Aflevering 3)","","Google Chromecast streaming stick","00:44:13","00:44:13","NL (Netherlands)"
"John.Doe","2020-04-16 22:24:31","00:21:43","","Tiger King: Murder, Mayhem and Madness: Miniserie: De cultus van persoonlijkheid (Aflevering 2)","","Google Chromecast streaming stick","00:44:50","00:44:50","NL (Netherlands)"
"John.Doe","2020-04-16 21:33:39","00:50:36","","La casa de papel: Deel 4: Breek de tent af (Aflevering 7)","","Google Chromecast streaming stick","00:50:36","00:50:36","NL (Netherlands)"
"John.Doe","2020-04-15 23:03:05","00:23:05","","Tiger King: Murder, Mayhem and Madness: Miniserie: De cultus van persoonlijkheid (Aflevering 2)","","Google Chromecast streaming stick","00:23:09","Not latest view","NL (Netherlands)"
"John.Doe","2020-04-15 22:59:41","00:03:13","","Tiger King: Murder, Mayhem and Madness: Miniserie: Joe Exotic (Aflevering 1)","","Google Chromecast streaming stick","00:46:35","00:46:35","NL (Netherlands)"
"John.Doe","2020-04-15 21:58:55","00:59:12","","Better Call Saul: Seizoen 5: Bad Choice Road (Aflevering 9)","","Google Chromecast streaming stick","00:59:12","00:59:12","NL (Netherlands)"
"John.Doe","2020-04-15 21:58:19","00:00:01","","Better Call Saul: Seizoen 5: Bad Choice Road (Aflevering 9)","","iPhone SE","00:00:01","Not latest view","NL (Netherlands)"
"John.Doe","2020-04-14 22:19:29","00:44:25","","La casa de papel: Deel 4: TKO (Aflevering 6)","","Google Chromecast streaming stick","00:44:25","00:44:25","NL (Netherlands)"
"John.Doe","2020-04-13 22:17:31","00:36:15","","Tiger King: Murder, Mayhem and Madness: Miniserie: Joe Exotic (Aflevering 1)","","Google Chromecast streaming stick","00:43:24","Not latest view","NL (Netherlands)"
"John.Doe","2020-04-13 21:28:46","00:39:45","","Tiger King: Murder, Mayhem and Madness: Miniserie: De tijgerkoning en ik (Aflevering 8)","","Google Chromecast streaming stick","00:39:45","00:39:45","NL (Netherlands)"
"John.Doe","2020-04-13 20:45:25","00:42:53","","La casa de papel: Deel 4: 5 minuten eerder (Aflevering 5)","","Google Chromecast streaming stick","00:41:10","00:41:10","NL (Netherlands)"
"John.Doe","2020-04-13 19:51:34","00:45:44","","Jonah Hex","","Google Chromecast streaming stick","01:14:30","01:14:30","NL (Netherlands)"
"John.Doe","2020-04-13 19:51:12","00:00:04","Autoplayed: user action: None; ","Seizoen 1 (Trailer): The Last Dance","TRAILER","iPhone SE","00:00:05","Not latest view","NL (Netherlands)"
"John.Doe","2020-04-13 19:19:52","00:29:19","","Jonah Hex","","Google Chromecast streaming stick","00:29:19","Not latest view","NL (Netherlands)"
"John.Doe","2020-04-11 22:20:38","00:51:46","","La casa de papel: Deel 4: Paso doble (Aflevering 4)","","Google Chromecast streaming stick","00:51:46","00:51:46","NL (Netherlands)"
"John.Doe","2020-04-11 21:00:02","00:44:09","","La casa de papel: Deel 4: Anatomische les (Aflevering 3)","","Google Chromecast streaming stick","00:42:08","00:42:08","NL (Netherlands)"
"John.Doe","2020-04-11 20:20:55","00:34:26","","La casa de papel: Deel 4: Berlijns bruiloft (Aflevering 2)","","Google Chromecast streaming stick","00:43:05","00:43:05","NL (Netherlands)"
"John.Doe","2020-04-11 20:15:08","00:00:14","Autoplayed: user action: None; ","Once Upon a Time in Hollywood_hook_05_16x9","HOOK","iPhone SE","00:00:15","00:00:15","NL (Netherlands)"
"John.Doe","2020-04-10 22:34:01","00:11:22","","La casa de papel: Deel 4: Berlijns bruiloft (Aflevering 2)","","Google Chromecast streaming stick","00:11:32","Not latest view","NL (Netherlands)"
"John.Doe","2020-04-10 21:39:35","00:51:34","","La casa de papel: Deel 4: Game over (Aflevering 1)","","Google Chromecast streaming stick","00:51:25","00:51:25","NL (Netherlands)"
"John.Doe","2020-04-10 21:33:37","00:03:13","","Deel 3 (Overzicht): La casa de papel","RECAP","Google Chromecast streaming stick","00:03:13","00:03:13","NL (Netherlands)"
"John.Doe","2020-04-10 20:38:58","00:54:29","","Better Call Saul: Seizoen 5: Bagman (Aflevering 8)","","Google Chromecast streaming stick","00:54:24","00:54:24","NL (Netherlands)"
"John.Doe","2020-04-09 22:32:25","00:41:20","","Tiger King: Murder, Mayhem and Madness: Miniserie: Onttroond (Aflevering 7)","","Google Chromecast streaming stick","00:41:24","Not latest view","NL (Netherlands)"
"John.Doe","2020-04-09 22:21:27","00:10:49","","Tiger King: Murder, Mayhem and Madness: Miniserie: Een goede daad (Aflevering 6)","","Google Chromecast streaming stick","00:42:15","Not latest view","NL (Netherlands)"
"John.Doe","2020-04-08 21:42:05","00:31:23","","Tiger King: Murder, Mayhem and Madness: Miniserie: Een goede daad (Aflevering 6)","","Google Chromecast streaming stick","00:31:27","Not latest view","NL (Netherlands)"
"John.Doe","2020-04-08 20:59:49","00:41:24","","Tiger King: Murder, Mayhem and Madness: Miniserie: Make America Exotic Again (Aflevering 5)","","Google Chromecast streaming stick","00:41:24","Not latest view","NL (Netherlands)"
"John.Doe","2020-04-08 20:53:12","00:06:20","","Better Call Saul: Seizoen 5: Bagman (Aflevering 8)","","Google Chromecast streaming stick","00:06:20","Not latest view","NL (Netherlands)"
"John.Doe","2020-04-08 20:50:56","00:00:06","Autoplayed: user action: None; ","Wild Wild Country (Trailer)","TRAILER","iPhone SE","00:00:06","00:00:06","NL (Netherlands)"
"John.Doe","2020-04-07 22:45:12","00:40:37","","The Walking Dead: Seizoen 7: Sing Me a Song (Aflevering 7)","","Google Chromecast streaming stick","01:02:07","01:02:07","NL (Netherlands)"
"John.Doe","2020-04-07 22:01:20","00:43:42","","Tiger King: Murder, Mayhem and Madness: Miniserie: Spelen met vuur (Aflevering 4)","","Google Chromecast streaming stick","00:43:42","Not latest view","NL (Netherlands)"
"John.Doe","2020-04-07 22:00:03","00:00:08","","Tiger King: Murder, Mayhem and Madness: Miniserie: Spelen met vuur (Aflevering 4)","","iPhone SE","00:00:09","Not latest view","NL (Netherlands)"
"John.Doe","2020-04-06 22:21:20","00:23:38","","The Walking Dead: Seizoen 7: Sing Me a Song (Aflevering 7)","","Google Chromecast streaming stick","00:23:38","Not latest view","NL (Netherlands)"
"John.Doe","2020-04-06 21:36:09","00:44:23","","Tiger King: Murder, Mayhem and Madness: Miniserie: Het geheim (Aflevering 3)","","Google Chromecast streaming stick","00:44:23","Not latest view","NL (Netherlands)"
"John.Doe","2020-04-05 21:38:28","00:44:49","","Tiger King: Murder, Mayhem and Madness: Miniserie: De cultus van persoonlijkheid (Aflevering 2)","","Google Chromecast streaming stick","00:44:53","Not latest view","NL (Netherlands)"
"John.Doe","2020-04-05 20:49:38","00:46:35","","Tiger King: Murder, Mayhem and Madness: Miniserie: Joe Exotic (Aflevering 1)","","Google Chromecast streaming stick","00:46:35","Not latest view","NL (Netherlands)"
"John.Doe","2020-04-05 20:48:12","00:00:12","Autoplayed: user action: None; ","Tiger King: True Crime","TRAILER","iPhone SE","00:00:12","00:00:12","NL (Netherlands)"
"John.Doe","2020-04-04 19:15:55","02:45:27","","Django Unchained","","Google Chromecast streaming stick","02:45:27","Not latest view","NL (Netherlands)"
"John.Doe","2020-04-04 19:11:57","00:00:03","","Django Unchained","","Netflix Chrome MAC (Cadmium) HTML 5","00:00:03","Not latest view","NL (Netherlands)"
"John.Doe","2020-04-04 19:11:27","00:00:04","Autoplayed: user action: None; ","The Ballad of Buster Scruggs (Trailer)","TRAILER","Netflix Chrome MAC (Cadmium) HTML 5","00:00:08","Not latest view","NL (Netherlands)"
"John.Doe","2020-04-04 19:11:21","00:00:04","Autoplayed: user action: None; ","The Ballad of Buster Scruggs (Trailer)","TRAILER","Netflix Chrome MAC (Cadmium) HTML 5","00:00:05","Not latest view","NL (Netherlands)"
"John.Doe","2020-04-04 19:10:56","00:00:10","Autoplayed: user action: None; ","Blow_hook_primary_16x9","HOOK","Netflix Chrome MAC (Cadmium) HTML 5","00:00:10","00:00:10","NL (Netherlands)"
"John.Doe","2020-04-04 19:10:42","00:00:10","Autoplayed: user action: None; ","Daybreak: Season 1 (Hook Clip 2)","HOOK","Netflix Chrome MAC (Cadmium) HTML 5","00:00:10","00:00:10","NL (Netherlands)"
"John.Doe","2020-04-04 19:10:08","00:00:23","Autoplayed: user action: None; ","IO (Trailer)","TRAILER","Netflix Chrome MAC (Cadmium) HTML 5","00:00:23","00:00:23","NL (Netherlands)"
"John.Doe","2020-04-04 19:09:56","00:00:06","Autoplayed: user action: None; ","La Catedral del Mar (Trailer)","TRAILER","Netflix Chrome MAC (Cadmium) HTML 5","00:00:06","00:00:06","NL (Netherlands)"
"John.Doe","2020-04-04 19:08:49","00:00:38","Autoplayed: user action: None; ","Wild Wild Country (Trailer)","TRAILER","Netflix Chrome MAC (Cadmium) HTML 5","00:00:39","Not latest view","NL (Netherlands)"
"John.Doe","2020-04-04 19:08:32","00:00:12","Autoplayed: user action: None; ","Trailer: The Occupant","TRAILER","Netflix Chrome MAC (Cadmium) HTML 5","00:00:12","00:00:12","NL (Netherlands)"
"John.Doe","2020-04-04 19:08:13","00:00:11","Autoplayed: user action: None; ","Hostiles_hook_03_16x9","HOOK","Netflix Chrome MAC (Cadmium) HTML 5","00:00:11","00:00:11","NL (Netherlands)"
"John.Doe","2020-04-04 19:07:35","00:00:32","Autoplayed: user action: None; ","Unbroken_hook_primary_16x9","HOOK","Netflix Chrome MAC (Cadmium) HTML 5","00:00:43","Not latest view","NL (Netherlands)"
"John.Doe","2020-04-04 19:07:22","00:00:12","Autoplayed: user action: None; ","Unbroken_hook_primary_16x9","HOOK","Netflix Chrome MAC (Cadmium) HTML 5","00:00:12","Not latest view","NL (Netherlands)"
"John.Doe","2020-04-04 19:07:11","00:00:05","Autoplayed: user action: None; ","The Bridge: Season 4_hook_primary_16x9","HOOK","Netflix Chrome MAC (Cadmium) HTML 5","00:00:05","00:00:05","NL (Netherlands)"
"John.Doe","2020-04-04 19:06:45","00:00:01","","Silverado","","Netflix Chrome MAC (Cadmium) HTML 5","00:00:01","00:00:01","NL (Netherlands)"
"John.Doe","2020-04-04 19:05:12","00:00:08","Autoplayed: user action: None; ","Tiger King: Tiger Attack","HOOK","Netflix Chrome MAC (Cadmium) HTML 5","00:00:08","00:00:08","NL (Netherlands)"
"John.Doe","2020-04-04 19:03:33","00:00:36","Autoplayed: user action: None; ","Deel 4 (Bonusvideo 1): La casa de papel","HOOK","iPhone SE","00:00:36","00:00:36","NL (Netherlands)"
"John.Doe","2020-04-04 18:59:35","00:00:20","Autoplayed: user action: None; ","Once Upon a Time in Hollywood_hook_05_16x9","HOOK","iPhone SE","00:00:20","Not latest view","NL (Netherlands)"
"John.Doe","2020-04-02 21:30:49","00:49:43","","The Walking Dead: Seizoen 7: Swear (Aflevering 6)","","Google Chromecast streaming stick","00:49:11","00:49:11","NL (Netherlands)"
"John.Doe","2020-04-02 21:11:21","00:17:08","","Ozark: Seizoen 3: Wartime (Aflevering 1)","","Google Chromecast streaming stick","00:17:08","Not latest view","NL (Netherlands)"
"John.Doe","2020-04-02 21:07:47","00:02:45","","Seizoen 2 (Overzicht): Ozark","RECAP","Google Chromecast streaming stick","00:02:45","00:02:45","NL (Netherlands)"
"John.Doe","2020-04-01 21:57:02","00:43:54","","The Walking Dead: Seizoen 7: Go Getters (Aflevering 5)","","Google Chromecast streaming stick","00:43:54","00:43:54","NL (Netherlands)"
"John.Doe","2020-03-31 23:02:52","00:48:02","","Better Call Saul: Seizoen 5: JMM (Aflevering 7)","","Google Chromecast streaming stick","00:48:03","00:48:03","NL (Netherlands)"
"John.Doe","2020-03-31 23:02:19","00:00:01","","Better Call Saul: Seizoen 5: JMM (Aflevering 7)","","iPhone SE","00:00:00","Not latest view","NL (Netherlands)"
"John.Doe","2020-03-31 23:02:00","00:00:06","Autoplayed: user action: None; ","Deel 4 (Trailer): La casa de papel","TRAILER","iPhone SE","00:00:06","00:00:06","NL (Netherlands)"
"John.Doe","2020-03-30 22:31:46","00:59:12","","The Walking Dead: Seizoen 7: Service (Aflevering 4)","","Google Chromecast streaming stick","00:59:12","00:59:12","NL (Netherlands)"
"John.Doe","2020-03-30 22:17:55","00:13:42","","The Walking Dead: Seizoen 7: The Cell (Aflevering 3)","","Google Chromecast streaming stick","00:42:30","00:42:30","NL (Netherlands)"
"John.Doe","2020-03-30 21:26:27","00:51:19","","Better Call Saul: Seizoen 5: Wexler v. Goodman (Aflevering 6)","","Google Chromecast streaming stick","00:51:19","00:51:19","NL (Netherlands)"
"John.Doe","2020-03-29 22:29:12","00:28:48","","The Walking Dead: Seizoen 7: The Cell (Aflevering 3)","","Google Chromecast streaming stick","00:28:48","Not latest view","NL (Netherlands)"
"John.Doe","2020-03-29 22:08:24","00:20:13","","The Walking Dead: Seizoen 7: The Well (Aflevering 2)","","Google Chromecast streaming stick","00:45:56","00:45:56","NL (Netherlands)"
"John.Doe","2020-03-29 21:15:31","00:50:05","","Better Call Saul: Seizoen 5: Dedicado A Max (Aflevering 5)","","Google Chromecast streaming stick","00:50:05","00:50:05","NL (Netherlands)"
"John.Doe","2020-03-29 21:14:51","00:00:08","","Portrait Product Preview: Tiger King","PREVIEW","iPhone SE","00:00:08","00:00:08","NL (Netherlands)"
"John.Doe","2020-03-28 22:53:50","00:32:27","","The Walking Dead: Seizoen 7: The Well (Aflevering 2)","","Google Chromecast streaming stick","00:32:27","Not latest view","NL (Netherlands)"
"John.Doe","2020-03-28 22:04:59","00:45:55","","The Walking Dead: Seizoen 7: The Day Will Come When You Won't Be (Aflevering 1)","","Google Chromecast streaming stick","00:45:55","00:45:55","NL (Netherlands)"
"John.Doe","2020-03-28 20:54:41","01:05:21","","The Walking Dead: Seizoen 6: Last Day on Earth (Aflevering 16)","","Google Chromecast streaming stick","01:04:17","01:04:17","NL (Netherlands)"
"John.Doe","2020-03-28 20:54:26","00:00:03","","Better Call Saul: Seizoen 5: Dedicado A Max (Aflevering 5)","","Google Chromecast streaming stick","00:00:03","Not latest view","NL (Netherlands)"
"John.Doe","2020-03-28 20:53:09","00:00:57","Autoplayed: user action: None; ","Deel 4 (Trailer): La casa de papel","TRAILER","iPhone SE","00:00:57","Not latest view","NL (Netherlands)"
"John.Doe","2020-03-28 19:18:30","01:30:59","","El hoyo","","Google Chromecast streaming stick","01:30:27","01:30:27","NL (Netherlands)"
"John.Doe","2020-03-28 19:17:15","00:00:06","Autoplayed: user action: None; ","Deel 4 (Trailer): La casa de papel","TRAILER","iPhone SE","00:00:06","Not latest view","NL (Netherlands)"
"John.Doe","2020-03-28 19:16:28","00:00:12","Autoplayed: user action: None; ","Deel 4 (Trailer): La casa de papel","TRAILER","iPhone SE","00:00:12","Not latest view","NL (Netherlands)"
"John.Doe","2020-03-26 23:43:47","00:13:16","","The Walking Dead: Seizoen 6: East (Aflevering 15)","","Google Chromecast streaming stick","00:42:38","00:42:38","NL (Netherlands)"
"John.Doe","2020-03-26 22:55:50","00:45:56","","Better Call Saul: Seizoen 5: Namaste (Aflevering 4)","","Google Chromecast streaming stick","00:45:56","00:45:56","NL (Netherlands)"
"John.Doe","2020-03-26 00:04:14","00:29:22","","The Walking Dead: Seizoen 6: East (Aflevering 15)","","Google Chromecast streaming stick","00:29:22","Not latest view","NL (Netherlands)"
"John.Doe","2020-03-25 23:09:47","00:54:04","","Better Call Saul: Seizoen 5: The Guy For This (Aflevering 3)","","Google Chromecast streaming stick","00:54:04","00:54:04","NL (Netherlands)"
"John.Doe","2020-03-24 22:29:49","00:42:41","","The Walking Dead: Seizoen 6: Twice as Far (Aflevering 14)","","Google Chromecast streaming stick","00:42:41","00:42:41","NL (Netherlands)"
"John.Doe","2020-03-24 22:11:41","00:18:00","","The Walking Dead: Seizoen 6: The Same Boat (Aflevering 13)","","Google Chromecast streaming stick","00:42:47","00:42:47","NL (Netherlands)"
"John.Doe","2020-03-23 23:24:13","00:24:49","","The Walking Dead: Seizoen 6: The Same Boat (Aflevering 13)","","Google Chromecast streaming stick","00:24:49","Not latest view","NL (Netherlands)"
"John.Doe","2020-03-23 23:23:58","00:00:05","","Better Call Saul: Seizoen 5: The Guy For This (Aflevering 3)","","Google Chromecast streaming stick","00:00:09","Not latest view","NL (Netherlands)"
"John.Doe","2020-03-23 22:38:29","00:45:19","","Better Call Saul: Seizoen 5: 50% Off (Aflevering 2)","","Google Chromecast streaming stick","00:45:19","00:45:19","NL (Netherlands)"
"John.Doe","2020-03-22 22:16:40","00:42:51","","The Walking Dead: Seizoen 6: Not Tomorrow Yet (Aflevering 12)","","Google Chromecast streaming stick","00:42:51","00:42:51","NL (Netherlands)"
"John.Doe","2020-03-22 21:58:01","00:18:30","","The Walking Dead: Seizoen 6: Knots Untie (Aflevering 11)","","Google Chromecast streaming stick","00:42:54","00:42:54","NL (Netherlands)"
"John.Doe","2020-03-22 21:56:47","00:00:24","Autoplayed: user action: None; ","Trailer: The Occupant","TRAILER","iPhone SE","00:00:24","Not latest view","NL (Netherlands)"
"John.Doe","2020-03-22 21:56:26","00:00:20","Autoplayed: user action: None; ","Miniserie (Trailer): Unorthodox","TRAILER","iPhone SE","00:00:20","00:00:20","NL (Netherlands)"
"John.Doe","2020-03-22 21:56:08","00:00:06","Autoplayed: user action: None; ","Miniserie (Trailer): How to Fix a Drug Scandal","TRAILER","iPhone SE","00:00:06","00:00:06","NL (Netherlands)"
"John.Doe","2020-03-22 21:55:50","00:00:17","Autoplayed: user action: None; ","Seizoen 1 (Trailer): Freud","TRAILER","iPhone SE","00:00:17","00:00:17","NL (Netherlands)"
"John.Doe","2020-03-22 21:55:41","00:00:04","Autoplayed: user action: None; ","Seizoen 3 (Trailer): Ozark","TRAILER","iPhone SE","00:00:04","00:00:04","NL (Netherlands)"
"John.Doe","2020-03-22 00:03:38","00:24:24","","The Walking Dead: Seizoen 6: Knots Untie (Aflevering 11)","","Google Chromecast streaming stick","00:24:24","Not latest view","NL (Netherlands)"
"John.Doe","2020-03-21 23:08:10","00:54:08","","Better Call Saul: Seizoen 5: Magic Man (Aflevering 1)","","Google Chromecast streaming stick","00:54:08","00:54:08","NL (Netherlands)"
"John.Doe","2020-03-21 23:06:34","00:00:28","Autoplayed: user action: None; ","Deel 4 (Trailer): La casa de papel","TRAILER","iPhone SE","00:00:28","Not latest view","NL (Netherlands)"
"John.Doe","2020-03-19 22:04:30","00:42:28","","The Walking Dead: Seizoen 6: The Next World (Aflevering 10)","","Google Chromecast streaming stick","00:42:28","00:42:28","NL (Netherlands)"
"John.Doe","2020-03-19 21:21:29","00:42:50","","The Walking Dead: Seizoen 6: No Way Out (Aflevering 9)","","Google Chromecast streaming stick","00:42:50","00:42:50","NL (Netherlands)"
"John.Doe","2020-03-19 21:20:38","00:00:04","Autoplayed: user action: None; ","Seizoen 3 (Trailer): Ozark","TRAILER","iPhone SE","00:00:04","Not latest view","NL (Netherlands)"
"John.Doe","2020-03-18 21:30:37","00:42:34","","The Walking Dead: Seizoen 6: Start to Finish (Aflevering 8)","","Google Chromecast streaming stick","00:42:34","00:42:34","NL (Netherlands)"
"John.Doe","2020-03-18 21:28:17","00:00:05","Autoplayed: user action: None; ","Seizoen 3 (Trailer): Ozark","TRAILER","iPhone SE","00:00:06","Not latest view","NL (Netherlands)"
"John.Doe","2020-03-17 22:11:48","00:42:53","","The Walking Dead: Seizoen 6: Heads Up (Aflevering 7)","","Google Chromecast streaming stick","00:42:53","00:42:53","NL (Netherlands)"
"John.Doe","2020-03-17 22:09:13","00:00:22","Autoplayed: user action: None; ","Seizoen 3 (Trailer): Ozark","TRAILER","iPhone SE","00:00:22","Not latest view","NL (Netherlands)"
"John.Doe","2020-03-16 22:22:06","00:42:50","","The Walking Dead: Seizoen 6: Always Accountable (Aflevering 6)","","Google Chromecast streaming stick","00:42:50","00:42:50","NL (Netherlands)"
"John.Doe","2020-03-16 21:39:05","00:42:53","","The Walking Dead: Seizoen 6: Now (Aflevering 5)","","Google Chromecast streaming stick","00:42:53","00:42:53","NL (Netherlands)"
"John.Doe","2020-03-16 21:18:59","00:19:57","","The Walking Dead: Seizoen 6: Here's Not Here (Aflevering 4)","","Google Chromecast streaming stick","01:04:35","01:04:35","NL (Netherlands)"
"John.Doe","2020-03-15 23:00:46","00:44:40","","The Walking Dead: Seizoen 6: Here's Not Here (Aflevering 4)","","Google Chromecast streaming stick","00:44:40","Not latest view","NL (Netherlands)"
"John.Doe","2020-03-15 22:17:34","00:42:53","","The Walking Dead: Seizoen 6: Thank You (Aflevering 3)","","Google Chromecast streaming stick","00:42:53","00:42:53","NL (Netherlands)"
"John.Doe","2020-03-14 22:51:31","00:42:43","","The Walking Dead: Seizoen 6: JSS (Aflevering 2)","","Google Chromecast streaming stick","00:42:43","00:42:43","NL (Netherlands)"
"John.Doe","2020-03-14 22:19:58","00:31:24","","The Walking Dead: Seizoen 6: First Time Again (Aflevering 1)","","Google Chromecast streaming stick","01:04:16","01:04:16","NL (Netherlands)"
"John.Doe","2020-03-14 19:51:57","02:20:07","","The Shawshank Redemption","","Google Chromecast streaming stick","02:18:30","02:18:30","NL (Netherlands)"
"John.Doe","2020-03-14 19:50:54","00:00:10","Autoplayed: user action: None; ","Seizoen 3 (Trailer): Ozark","TRAILER","iPhone SE","00:00:10","Not latest view","NL (Netherlands)"
"John.Doe","2020-03-12 22:55:29","00:33:57","","The Walking Dead: Seizoen 6: First Time Again (Aflevering 1)","","Google Chromecast streaming stick","00:32:53","Not latest view","NL (Netherlands)"
"John.Doe","2020-03-11 21:56:21","01:00:29","","The Walking Dead: Seizoen 5: Conquer (Aflevering 16)","","Google Chromecast streaming stick","01:00:53","01:00:53","NL (Netherlands)"
"John.Doe","2020-03-11 21:36:40","00:19:31","","The Walking Dead: Seizoen 5: Try (Aflevering 15)","","Google Chromecast streaming stick","00:41:07","00:41:07","NL (Netherlands)"
"John.Doe","2020-03-10 23:17:11","00:21:36","","The Walking Dead: Seizoen 5: Try (Aflevering 15)","","Google Chromecast streaming stick","00:21:36","Not latest view","NL (Netherlands)"
"John.Doe","2020-03-10 21:57:51","00:41:40","","The Walking Dead: Seizoen 5: Spend (Aflevering 14)","","Google Chromecast streaming stick","00:41:09","00:41:09","NL (Netherlands)"
"John.Doe","2020-03-10 21:56:38","00:00:30","Autoplayed: user action: None; ","Seizoen 5 (Trailer): Better Call Saul","TRAILER","iPhone SE","00:00:30","00:00:30","NL (Netherlands)"
"John.Doe","2020-03-09 22:40:49","00:40:44","","The Walking Dead: Seizoen 5: Forget (Aflevering 13)","","Google Chromecast streaming stick","00:40:44","00:40:44","NL (Netherlands)"
"John.Doe","2020-03-09 22:26:27","00:14:14","","The Walking Dead: Seizoen 5: Remember (Aflevering 12)","","Google Chromecast streaming stick","00:41:08","00:41:08","NL (Netherlands)"
"John.Doe","2020-03-09 00:03:48","00:26:54","","The Walking Dead: Seizoen 5: Remember (Aflevering 12)","","Google Chromecast streaming stick","00:26:54","Not latest view","NL (Netherlands)"
"John.Doe","2020-03-08 23:22:36","00:41:00","","The Walking Dead: Seizoen 5: The Distance (Aflevering 11)","","Google Chromecast streaming stick","00:41:00","00:41:00","NL (Netherlands)"
"John.Doe","2020-03-08 23:14:18","00:08:01","","Space Jungle: Space Jungle Ⅰ: Fishing, Taken, Fire, Lucky (Aflevering 2)","","Google Chromecast streaming stick","00:08:02","00:08:02","NL (Netherlands)"
"John.Doe","2020-03-07 23:09:00","00:40:34","","The Walking Dead: Seizoen 5: Them (Aflevering 10)","","Google Chromecast streaming stick","00:40:34","00:40:34","NL (Netherlands)"
"John.Doe","2020-03-07 22:27:43","00:41:08","","The Walking Dead: Seizoen 5: What Happened and What's Going On (Aflevering 9)","","Google Chromecast streaming stick","00:41:08","00:41:08","NL (Netherlands)"
"John.Doe","2020-03-07 22:24:29","00:02:43","","The Walking Dead: Seizoen 5: Coda (Aflevering 8)","","Google Chromecast streaming stick","00:41:18","00:41:18","NL (Netherlands)"
"John.Doe","2020-03-07 22:15:51","00:08:01","","Space Jungle: Space Jungle Ⅰ: Thirst, Hunger, Hunting, Bottle (Aflevering 1)","","Google Chromecast streaming stick","00:08:01","00:08:01","NL (Netherlands)"
"John.Doe","2020-03-07 20:01:11","02:12:08","","Lost City of Z","","Google Chromecast streaming stick","02:12:08","02:12:08","NL (Netherlands)"
"John.Doe","2020-03-07 19:57:24","00:00:15","","Black Sails: Season 1_hook_primary_16x9","HOOK","Netflix Chrome MAC (Cadmium) HTML 5","00:00:15","00:00:15","NL (Netherlands)"
"John.Doe","2020-03-07 19:57:06","00:00:16","Autoplayed: user action: None; ","Friends: Season 1_hook_primary_16x9","HOOK","Netflix Chrome MAC (Cadmium) HTML 5","00:00:16","00:00:16","NL (Netherlands)"
"John.Doe","2020-03-07 19:56:57","00:00:06","Autoplayed: user action: None; ","How to Get Away with Murder: Season 1_hook_primary_16x9","HOOK","Netflix Chrome MAC (Cadmium) HTML 5","00:00:07","Not latest view","NL (Netherlands)"
"John.Doe","2020-03-07 19:56:38","00:00:01","","How to Get Away With Murder: Seizoen 1: Pilot (Aflevering 1)","","Netflix Chrome MAC (Cadmium) HTML 5","00:00:01","00:00:01","NL (Netherlands)"
"John.Doe","2020-03-07 19:56:07","00:00:27","Autoplayed: user action: None; ","How to Get Away with Murder: Season 1_hook_primary_16x9","HOOK","Netflix Chrome MAC (Cadmium) HTML 5","00:00:27","Not latest view","NL (Netherlands)"
"John.Doe","2020-03-07 19:54:51","00:01:14","Autoplayed: user action: None; ","The Good Place: Seizoen 1 (Trailer)","TRAILER","Netflix Chrome MAC (Cadmium) HTML 5","00:01:15","00:01:15","NL (Netherlands)"
"John.Doe","2020-03-07 19:52:18","00:00:15","Autoplayed: user action: None; ","Rick and Morty: Season 1_hook_primary_16x9","HOOK","Netflix Chrome MAC (Cadmium) HTML 5","00:00:15","00:00:15","NL (Netherlands)"
"John.Doe","2020-03-07 19:51:56","00:00:15","Autoplayed: user action: None; ","Locke & Key: Season 1 (Portrait Product Preview)","PREVIEW","Netflix Chrome MAC (Cadmium) HTML 5","00:00:15","00:00:15","NL (Netherlands)"
"John.Doe","2020-03-07 19:51:49","00:00:06","Autoplayed: user action: None; ","Sex Education: Season 1_shortpreview_9x16","PREVIEW","Netflix Chrome MAC (Cadmium) HTML 5","00:00:06","00:00:06","NL (Netherlands)"
"John.Doe","2020-03-07 19:51:33","00:00:05","Autoplayed: user action: None; ","Altered Carbon: Season 1_ShortPreview_9x16","PREVIEW","Netflix Chrome MAC (Cadmium) HTML 5","00:00:05","00:00:05","NL (Netherlands)"
"John.Doe","2020-03-07 19:51:20","00:00:04","","Lost City of Z","","Netflix Chrome MAC (Cadmium) HTML 5","00:00:04","Not latest view","NL (Netherlands)"
"John.Doe","2020-03-07 19:51:03","00:00:16","Autoplayed: user action: None; ","The Lost City of Z_hook_02_16x9","HOOK","Netflix Chrome MAC (Cadmium) HTML 5","00:00:16","00:00:16","NL (Netherlands)"
"John.Doe","2020-03-07 19:50:54","00:00:06","Autoplayed: user action: None; ","Narcos: Mexico: (Alternate Teaser)","PROMOTIONAL","Netflix Chrome MAC (Cadmium) HTML 5","00:00:06","00:00:06","NL (Netherlands)"
"John.Doe","2020-03-07 19:49:18","00:01:30","Autoplayed: user action: None; ","South Park Top Episodes_hook_02_16x9","HOOK","Netflix Chrome MAC (Cadmium) HTML 5","00:01:30","00:01:30","NL (Netherlands)"
"John.Doe","2020-03-07 19:49:04","00:00:09","Autoplayed: user action: None; ","The Shawshank Redemption_hook_primary_16x9","HOOK","Netflix Chrome MAC (Cadmium) HTML 5","00:00:09","00:00:09","NL (Netherlands)"
"John.Doe","2020-03-07 19:47:10","00:01:53","Autoplayed: user action: None; ","Seizoen 1 (Trailer): I Am Not Okay With This","TRAILER","Netflix Chrome MAC (Cadmium) HTML 5","00:01:53","00:01:53","NL (Netherlands)"
"John.Doe","2020-03-05 22:15:00","00:38:34","","The Walking Dead: Seizoen 5: Coda (Aflevering 8)","","Google Chromecast streaming stick","00:38:34","Not latest view","NL (Netherlands)"
"John.Doe","2020-03-05 21:33:43","00:41:04","","The Walking Dead: Seizoen 5: Crossed (Aflevering 7)","","Google Chromecast streaming stick","00:41:04","00:41:04","NL (Netherlands)"
"John.Doe","2020-03-05 21:27:59","00:00:04","Autoplayed: user action: None; ","Seizoen 5 (Trailer): Better Call Saul","TRAILER","iPhone SE","00:00:04","Not latest view","NL (Netherlands)"
"John.Doe","2020-03-04 23:04:01","00:40:21","","The Walking Dead: Seizoen 5: Consumed (Aflevering 6)","","Google Chromecast streaming stick","00:40:40","00:40:40","NL (Netherlands)"
"John.Doe","2020-03-03 22:58:09","00:42:07","","The Walking Dead: Seizoen 5: Self Help (Aflevering 5)","","Google Chromecast streaming stick","00:41:03","00:41:03","NL (Netherlands)"
"John.Doe","2020-03-03 22:16:10","00:41:04","","The Walking Dead: Seizoen 5: Slabtown (Aflevering 4)","","Google Chromecast streaming stick","00:41:04","00:41:04","NL (Netherlands)"
"John.Doe","2020-03-02 23:11:55","00:41:06","","The Walking Dead: Seizoen 5: Four Walls and a Roof (Aflevering 3)","","Google Chromecast streaming stick","00:41:06","00:41:06","NL (Netherlands)"
"John.Doe","2020-03-02 22:26:36","00:40:45","","The Walking Dead: Seizoen 5: Strangers (Aflevering 2)","","Google Chromecast streaming stick","00:41:08","00:41:08","NL (Netherlands)"
"John.Doe","2020-03-02 22:24:54","00:00:14","Autoplayed: user action: None; ","Trailer: Spenser Confidential","TRAILER","iPhone SE","00:00:14","00:00:14","NL (Netherlands)"
"John.Doe","2020-03-01 23:58:46","00:40:45","","The Walking Dead: Seizoen 5: No Sanctuary (Aflevering 1)","","Google Chromecast streaming stick","00:41:13","00:41:13","NL (Netherlands)"
"John.Doe","2020-03-01 23:17:31","00:41:08","","The Walking Dead: Seizoen 4: A (Aflevering 16)","","Google Chromecast streaming stick","00:41:08","00:41:08","NL (Netherlands)"
"John.Doe","2020-03-01 23:17:09","00:00:07","Autoplayed: user action: None; ","Trailer: Lost Girls","TRAILER","iPhone SE","00:00:07","00:00:07","NL (Netherlands)"
"John.Doe","2020-03-01 22:50:32","00:26:34","","Altered Carbon: Seizoen 2: Phantom Lady (Aflevering 1)","","Google Chromecast streaming stick","00:26:34","00:26:34","NL (Netherlands)"
"John.Doe","2020-03-01 22:45:58","00:03:36","","Seizoen 1 (Overzicht): Altered Carbon","RECAP","Google Chromecast streaming stick","00:03:36","00:03:36","NL (Netherlands)"
"John.Doe","2020-02-29 00:09:45","00:41:11","","The Walking Dead: Seizoen 4: Us (Aflevering 15)","","Google Chromecast streaming stick","00:41:11","00:41:11","NL (Netherlands)"
"John.Doe","2020-02-28 23:26:40","00:41:14","","The Walking Dead: Seizoen 4: The Grove (Aflevering 14)","","Google Chromecast streaming stick","00:41:14","00:41:14","NL (Netherlands)"
"John.Doe","2020-02-28 22:45:13","00:41:18","","The Walking Dead: Seizoen 4: Alone (Aflevering 13)","","Google Chromecast streaming stick","00:41:18","00:41:18","NL (Netherlands)"
"John.Doe","2020-02-28 22:02:45","00:41:18","","The Walking Dead: Seizoen 4: Still (Aflevering 12)","","Google Chromecast streaming stick","00:41:18","00:41:18","NL (Netherlands)"
"John.Doe","2020-02-28 00:36:27","00:41:58","","The Walking Dead: Seizoen 4: Claimed (Aflevering 11)","","Google Chromecast streaming stick","00:40:51","00:40:51","NL (Netherlands)"
"John.Doe","2020-02-27 23:55:04","00:41:10","","The Walking Dead: Seizoen 4: Inmates (Aflevering 10)","","Google Chromecast streaming stick","00:41:10","00:41:10","NL (Netherlands)"
"John.Doe","2020-02-27 23:53:21","00:00:14","Autoplayed: user action: None; ","Seizoen 2 (Trailer): Altered Carbon","TRAILER","iPhone SE","00:00:14","00:00:14","NL (Netherlands)"
"John.Doe","2020-02-26 22:59:42","00:40:48","","The Walking Dead: Seizoen 4: After (Aflevering 9)","","Google Chromecast streaming stick","00:40:48","00:40:48","NL (Netherlands)"
"John.Doe","2020-02-26 22:15:02","00:40:55","","The Walking Dead: Seizoen 4: Too Far Gone (Aflevering 8)","","Google Chromecast streaming stick","00:40:55","00:40:55","NL (Netherlands)"
"John.Doe","2020-02-25 22:53:00","00:40:49","","The Walking Dead: Seizoen 4: Dead Weight (Aflevering 7)","","Google Chromecast streaming stick","00:40:49","00:40:49","NL (Netherlands)"
"John.Doe","2020-02-25 22:11:41","00:41:09","","The Walking Dead: Seizoen 4: Live Bait (Aflevering 6)","","Google Chromecast streaming stick","00:41:09","00:41:09","NL (Netherlands)"
"John.Doe","2020-02-24 21:45:08","00:40:56","","The Walking Dead: Seizoen 4: Internment (Aflevering 5)","","Google Chromecast streaming stick","00:40:56","00:40:56","NL (Netherlands)"
"John.Doe","2020-02-24 21:28:31","00:16:25","","The Walking Dead: Seizoen 4: Indifference (Aflevering 4)","","Google Chromecast streaming stick","00:41:20","00:41:20","NL (Netherlands)"
"John.Doe","2020-02-24 21:15:52","00:10:40","","BoJack Horseman: Seizoen 1: Prickly-Muffin (Aflevering 3)","","Google Chromecast streaming stick","00:10:40","00:10:40","NL (Netherlands)"
"John.Doe","2020-02-24 01:16:45","00:00:21","","Babies Part 1 (Portrait Product Preview)","PREVIEW","iPhone SE","00:00:21","00:00:21","NL (Netherlands)"
"John.Doe","2020-02-24 00:46:55","00:25:27","","The Walking Dead: Seizoen 4: Indifference (Aflevering 4)","","Google Chromecast streaming stick","00:24:55","Not latest view","NL (Netherlands)"
"John.Doe","2020-02-24 00:04:06","00:41:01","","The Walking Dead: Seizoen 4: Isolation (Aflevering 3)","","Google Chromecast streaming stick","00:41:01","00:41:01","NL (Netherlands)"
"John.Doe","2020-02-23 23:22:50","00:41:07","","The Walking Dead: Seizoen 4: Infected (Aflevering 2)","","Google Chromecast streaming stick","00:41:09","00:41:09","NL (Netherlands)"
"John.Doe","2020-02-23 22:41:33","00:41:08","","The Walking Dead: Seizoen 4: 30 Days Without an Accident (Aflevering 1)","","Google Chromecast streaming stick","00:41:08","00:41:08","NL (Netherlands)"
"John.Doe","2020-02-22 23:03:46","00:24:14","","BoJack Horseman: Seizoen 1: BoJack Hates the Troops (Aflevering 2)","","Google Chromecast streaming stick","00:24:18","00:24:18","NL (Netherlands)"
"John.Doe","2020-02-22 22:38:49","00:24:49","","BoJack Horseman: Seizoen 1: BoJack Horseman: The BoJack Horseman Story, Hoofdstuk 1 (Aflevering 1)","","Google Chromecast streaming stick","00:24:49","00:24:49","NL (Netherlands)"
"John.Doe","2020-02-22 21:06:12","00:00:13","Autoplayed: user action: None; ","Seizoen 2 (Trailer): Altered Carbon","TRAILER","iPhone SE","00:00:14","Not latest view","NL (Netherlands)"
"John.Doe","2020-02-20 21:45:39","00:41:09","","The Walking Dead: Seizoen 3: Welcome to the Tombs (Aflevering 16)","","Google Chromecast streaming stick","00:41:09","00:41:09","NL (Netherlands)"
"John.Doe","2020-02-20 21:44:32","00:00:56","","Atypical: Seizoen 3 (Trailer)","TRAILER","Google Chromecast streaming stick","00:00:56","00:00:56","NL (Netherlands)"
"John.Doe","2020-02-20 21:24:35","00:19:44","","The End of the F***ing World: Seizoen 2: Aflevering 8 (Aflevering 8)","","Google Chromecast streaming stick","00:19:44","00:19:44","NL (Netherlands)"
"John.Doe","2020-02-19 22:42:10","00:00:23","","Eternal Sunshine of the Spotless Mind_hook_primary_9x16","HOOK","iPhone SE","00:00:23","00:00:23","NL (Netherlands)"
"John.Doe","2020-02-19 22:00:19","00:40:52","","The Walking Dead: Seizoen 3: This Sorrowful Life (Aflevering 15)","","Google Chromecast streaming stick","00:40:52","00:40:52","NL (Netherlands)"
"John.Doe","2020-02-19 21:35:59","00:23:53","","The End of the F***ing World: Seizoen 2: Aflevering 7 (Aflevering 7)","","Google Chromecast streaming stick","00:23:53","00:23:53","NL (Netherlands)"
"John.Doe","2020-02-18 21:36:06","00:40:37","","The Walking Dead: Seizoen 3: Prey (Aflevering 14)","","Google Chromecast streaming stick","00:40:37","00:40:37","NL (Netherlands)"
"John.Doe","2020-02-18 21:17:33","00:18:18","","The End of the F***ing World: Seizoen 2: Aflevering 6 (Aflevering 6)","","Google Chromecast streaming stick","00:18:18","00:18:18","NL (Netherlands)"
"John.Doe","2020-02-18 21:15:13","00:00:04","Autoplayed: user action: None; ","Seizoen 2 (Trailer): Altered Carbon","TRAILER","iPhone SE","00:00:04","Not latest view","NL (Netherlands)"
"John.Doe","2020-02-17 22:38:19","00:36:56","","The Walking Dead: Seizoen 3: Arrow on the Doorpost (Aflevering 13)","","Google Chromecast streaming stick","00:40:54","00:40:54","NL (Netherlands)"
"John.Doe","2020-02-17 22:16:13","00:21:04","","The End of the F***ing World: Seizoen 2: Aflevering 5 (Aflevering 5)","","Google Chromecast streaming stick","00:21:04","00:21:04","NL (Netherlands)"
"John.Doe","2020-02-17 22:14:24","00:01:07","","The Walking Dead: Seizoen 3: Arrow on the Doorpost (Aflevering 13)","","Google Chromecast streaming stick","00:03:59","Not latest view","NL (Netherlands)"
"John.Doe","2020-02-17 21:49:28","00:24:38","","The End of the F***ing World: Seizoen 2: Aflevering 4 (Aflevering 4)","","Google Chromecast streaming stick","00:24:38","00:24:38","NL (Netherlands)"
"John.Doe","2020-02-16 22:48:21","00:02:27","","The Walking Dead: Seizoen 3: Arrow on the Doorpost (Aflevering 13)","","Google Chromecast streaming stick","00:02:27","Not latest view","NL (Netherlands)"
"John.Doe","2020-02-16 22:05:19","00:41:08","","The Walking Dead: Seizoen 3: Clear (Aflevering 12)","","Google Chromecast streaming stick","00:41:08","00:41:08","NL (Netherlands)"
"John.Doe","2020-02-16 21:43:40","00:21:20","","The End of the F***ing World: Seizoen 2: Aflevering 3 (Aflevering 3)","","Google Chromecast streaming stick","00:21:36","00:21:36","NL (Netherlands)"
"John.Doe","2020-02-16 21:22:16","00:19:20","","The End of the F***ing World: Seizoen 2: Aflevering 2 (Aflevering 2)","","Google Chromecast streaming stick","00:19:20","00:19:20","NL (Netherlands)"
"John.Doe","2020-02-16 20:57:46","00:24:17","","The End of the F***ing World: Seizoen 2: Aflevering 1 (Aflevering 1)","","Google Chromecast streaming stick","00:24:17","00:24:17","NL (Netherlands)"
"John.Doe","2020-02-16 20:56:47","00:00:06","Autoplayed: user action: None; ","Seizoen 2 (Trailer): Narcos: Mexico","TRAILER","iPhone SE","00:00:06","00:00:06","NL (Netherlands)"
"John.Doe","2020-02-16 19:53:49","00:00:04","Autoplayed: user action: None; ","Seizoen 2 (Trailer): Narcos: Mexico","TRAILER","Netflix Chrome MAC (Cadmium) HTML 5","00:00:04","Not latest view","NL (Netherlands)"
"John.Doe","2020-02-16 19:53:46","00:00:01","","The End of the F***ing World: Seizoen 2: Aflevering 1 (Aflevering 1)","","Netflix Chrome MAC (Cadmium) HTML 5","00:00:01","Not latest view","NL (Netherlands)"
"John.Doe","2020-02-16 19:51:24","00:02:12","","The End of the F***ing World (Trailer)","TRAILER","Netflix Chrome MAC (Cadmium) HTML 5","00:02:12","00:02:12","NL (Netherlands)"
"John.Doe","2020-02-16 19:50:30","00:00:08","Autoplayed: user action: None; ","The End of the F***ing World (Trailer)","TRAILER","Netflix Chrome MAC (Cadmium) HTML 5","00:00:09","Not latest view","NL (Netherlands)"
"John.Doe","2020-02-16 19:50:15","00:00:13","Autoplayed: user action: None; ","Seven Seconds (Trailer)","TRAILER","Netflix Chrome MAC (Cadmium) HTML 5","00:00:14","00:00:14","NL (Netherlands)"
"John.Doe","2020-02-16 19:50:05","00:00:08","Autoplayed: user action: None; ","A Series of Unfortunate Events: Seizoen 1 (Overzicht)","RECAP","Netflix Chrome MAC (Cadmium) HTML 5","00:00:08","00:00:08","NL (Netherlands)"
"John.Doe","2020-02-16 19:48:47","00:00:12","Autoplayed: user action: None; ","Trailer Park Boys: Seizoen 11 (Trailer)","TRAILER","Netflix Chrome MAC (Cadmium) HTML 5","00:00:13","00:00:13","NL (Netherlands)"
"John.Doe","2020-02-16 19:48:33","00:00:08","Autoplayed: user action: None; ","Steve Jobs_hook_primary_16x9","HOOK","Netflix Chrome MAC (Cadmium) HTML 5","00:00:08","00:00:08","NL (Netherlands)"
"John.Doe","2020-02-16 19:48:14","00:00:10","Autoplayed: user action: None; ","Seizoen 1 (Trailer): Rise of Empires: Ottoman","TRAILER","Netflix Chrome MAC (Cadmium) HTML 5","00:00:10","00:00:10","NL (Netherlands)"
"John.Doe","2020-02-16 19:48:04","00:00:05","Autoplayed: user action: None; ","Ares (Trailer)","TRAILER","Netflix Chrome MAC (Cadmium) HTML 5","00:00:05","00:00:05","NL (Netherlands)"
